audio_file,start_time,end_time,silence,folder,class_id,class,region_id
r1s1t1-01.wav,0.448,0.832,0.128,S1,1,saurashtra,r1
r1s1t1-02.wav,0.032,1.056,0.032,S1,1,saurashtra,r1
r1s1t1-03.wav,0.064,0.736,0.064,S1,1,saurashtra,r1
r1s1t1-04.wav,0.544,0.864,0.064,S1,1,saurashtra,r1
r1s1t1-05.wav,0.128,0.576,0.128,S1,1,saurashtra,r1
r1s1t1-06.wav,0.128,0.736,0.128,S1,1,saurashtra,r1
r1s1t1-07.wav,0.128,0.864,0.128,S1,1,saurashtra,r1
r1s1t1-08.wav,0.512,0.864,0.096,S1,1,saurashtra,r1
r1s1t1-09.wav,0.512,0.864,0.096,S1,1,saurashtra,r1
r1s1t1-10.wav,0.480,1.114,0.032,S1,1,saurashtra,r1
r1s1t1-11.wav,0.192,0.928,0.192,S1,1,saurashtra,r1
r1s1t1-12.wav,0.096,0.704,0.096,S1,1,saurashtra,r1
r1s1t1-13.wav,0.352,0.960,0.032,S1,1,saurashtra,r1
r1s1t1-14.wav,0.032,0.864,0.032,S1,1,saurashtra,r1
r1s1t1-15.wav,0.096,0.960,0.096,S1,1,saurashtra,r1
r1s1t2-01.wav,0.544,0.960,0.064,S1,1,saurashtra,r1
r1s1t2-02.wav,0.224,1.216,0.224,S1,1,saurashtra,r1
r1s1t2-03.wav,0.128,0.768,0.128,S1,1,saurashtra,r1
r1s1t2-04.wav,0.032,1.024,0.032,S1,1,saurashtra,r1
r1s1t2-05.wav,0.096,0.928,0.096,S1,1,saurashtra,r1
r1s1t2-06.wav,0.224,0.896,0.224,S1,1,saurashtra,r1
r1s1t2-07.wav,0.448,1.152,0.448,S1,1,saurashtra,r1
r1s1t2-08.wav,0.960,1.151,0.096,S1,1,saurashtra,r1
r1s1t2-09.wav,0.288,1.216,0.096,S1,1,saurashtra,r1
r1s1t2-10.wav,0.544,0.864,0.032,S1,1,saurashtra,r1
r1s1t2-11.wav,0.192,0.928,0.192,S1,1,saurashtra,r1
r1s1t2-12.wav,0.160,0.768,0.064,S1,1,saurashtra,r1
r1s1t2-13.wav,0.928,1.095,0.032,S1,1,saurashtra,r1
r1s1t2-14.wav,0.000,1.120,0.000,S1,1,saurashtra,r1
r1s1t2-15.wav,0.096,1.024,0.096,S1,1,saurashtra,r1
r1s10t1-01.wav,0.197,0.923,0.012,S10,1,saurashtra,r1
r1s10t1-02.wav,0.534,0.778,0.046,S10,1,saurashtra,r1
r1s10t1-03.wav,0.824,0.855,0.023,S10,1,saurashtra,r1
r1s10t1-04.wav,0.882,0.906,0.104,S10,1,saurashtra,r1
r1s10t1-05.wav,0.627,0.639,0.058,S10,1,saurashtra,r1
r1s10t1-06.wav,0.302,0.743,0.023,S10,1,saurashtra,r1
r1s10t1-07.wav,0.824,0.836,0.116,S10,1,saurashtra,r1
r1s10t1-08.wav,0.372,0.898,0.035,S10,1,saurashtra,r1
r1s10t1-09.wav,0.000,0.889,0.000,S10,1,saurashtra,r1
r1s10t1-10.wav,0.871,0.949,0.186,S10,1,saurashtra,r1
r1s10t1-11.wav,0.906,1.009,0.279,S10,1,saurashtra,r1
r1s10t1-12.wav,1.115,1.231,0.453,S10,1,saurashtra,r1
r1s10t1-13.wav,0.441,0.789,0.058,S10,1,saurashtra,r1
r1s10t1-14.wav,0.789,0.812,0.093,S10,1,saurashtra,r1
r1s10t1-15.wav,0.348,0.697,0.046,S10,1,saurashtra,r1
r1s10t2-01.wav,0.000,0.923,0.000,S10,1,saurashtra,r1
r1s10t2-02.wav,0.000,0.915,0.000,S10,1,saurashtra,r1
r1s10t2-03.wav,0.000,0.855,0.000,S10,1,saurashtra,r1
r1s10t2-04.wav,0.000,0.906,0.000,S10,1,saurashtra,r1
r1s10t2-05.wav,0.000,0.838,0.000,S10,1,saurashtra,r1
r1s10t2-06.wav,0.000,0.983,0.000,S10,1,saurashtra,r1
r1s10t2-07.wav,0.000,0.923,0.000,S10,1,saurashtra,r1
r1s10t2-08.wav,0.000,0.898,0.000,S10,1,saurashtra,r1
r1s10t2-09.wav,0.000,0.889,0.000,S10,1,saurashtra,r1
r1s10t2-10.wav,0.000,0.949,0.000,S10,1,saurashtra,r1
r1s10t2-11.wav,0.000,1.009,0.000,S10,1,saurashtra,r1
r1s10t2-12.wav,0.000,1.231,0.000,S10,1,saurashtra,r1
r1s10t2-13.wav,0.000,1.000,0.000,S10,1,saurashtra,r1
r1s10t2-14.wav,0.000,0.812,0.000,S10,1,saurashtra,r1
r1s10t2-15.wav,0.000,0.752,0.000,S10,1,saurashtra,r1
r1s11t1-01.wav,0.012,0.859,0.012,S11,1,saurashtra,r1
r1s11t1-02.wav,0.871,0.929,0.012,S11,1,saurashtra,r1
r1s11t1-03.wav,0.116,0.615,0.081,S11,1,saurashtra,r1
r1s11t1-04.wav,0.116,0.961,0.023,S11,1,saurashtra,r1
r1s11t1-05.wav,0.000,0.769,0.000,S11,1,saurashtra,r1
r1s11t1-06.wav,0.639,0.725,0.128,S11,1,saurashtra,r1
r1s11t1-07.wav,0.662,0.731,0.012,S11,1,saurashtra,r1
r1s11t1-08.wav,0.650,0.690,0.035,S11,1,saurashtra,r1
r1s11t1-09.wav,0.000,0.629,0.000,S11,1,saurashtra,r1
r1s11t1-10.wav,0.267,0.953,0.012,S11,1,saurashtra,r1
r1s11t1-11.wav,0.000,0.717,0.000,S11,1,saurashtra,r1
r1s11t1-12.wav,0.511,0.830,0.012,S11,1,saurashtra,r1
r1s11t1-13.wav,0.662,0.804,0.023,S11,1,saurashtra,r1
r1s11t1-14.wav,0.000,0.830,0.000,S11,1,saurashtra,r1
r1s11t1-15.wav,0.000,0.638,0.000,S11,1,saurashtra,r1
r1s11t2-01.wav,0.000,0.906,0.000,S11,1,saurashtra,r1
r1s11t2-02.wav,0.012,0.935,0.012,S11,1,saurashtra,r1
r1s11t2-03.wav,0.000,0.725,0.000,S11,1,saurashtra,r1
r1s11t2-04.wav,0.000,0.961,0.000,S11,1,saurashtra,r1
r1s11t2-05.wav,0.000,0.769,0.000,S11,1,saurashtra,r1
r1s11t2-06.wav,0.615,0.725,0.070,S11,1,saurashtra,r1
r1s11t2-07.wav,0.012,0.743,0.012,S11,1,saurashtra,r1
r1s11t2-08.wav,0.116,0.690,0.023,S11,1,saurashtra,r1
r1s11t2-09.wav,0.000,0.629,0.000,S11,1,saurashtra,r1
r1s11t2-10.wav,0.000,0.953,0.000,S11,1,saurashtra,r1
r1s11t2-11.wav,0.000,0.717,0.000,S11,1,saurashtra,r1
r1s11t2-12.wav,0.000,0.830,0.000,S11,1,saurashtra,r1
r1s11t2-13.wav,0.012,0.804,0.012,S11,1,saurashtra,r1
r1s11t2-14.wav,0.000,0.830,0.000,S11,1,saurashtra,r1
r1s11t2-15.wav,0.000,0.638,0.000,S11,1,saurashtra,r1
r1s11t3-01.wav,0.000,0.909,0.000,S11,1,saurashtra,r1
r1s11t3-02.wav,0.000,0.935,0.000,S11,1,saurashtra,r1
r1s11t3-03.wav,0.000,0.725,0.000,S11,1,saurashtra,r1
r1s11t3-04.wav,0.000,0.961,0.000,S11,1,saurashtra,r1
r1s11t3-05.wav,0.000,0.769,0.000,S11,1,saurashtra,r1
r1s11t3-06.wav,0.000,0.725,0.000,S11,1,saurashtra,r1
r1s11t3-07.wav,0.000,0.752,0.000,S11,1,saurashtra,r1
r1s11t3-08.wav,0.012,0.690,0.012,S11,1,saurashtra,r1
r1s11t3-09.wav,0.000,0.629,0.000,S11,1,saurashtra,r1
r1s11t3-10.wav,0.000,0.953,0.000,S11,1,saurashtra,r1
r1s11t3-11.wav,0.000,0.717,0.000,S11,1,saurashtra,r1
r1s11t3-12.wav,0.000,0.830,0.000,S11,1,saurashtra,r1
r1s11t3-13.wav,0.000,0.804,0.000,S11,1,saurashtra,r1
r1s11t3-14.wav,0.000,0.830,0.000,S11,1,saurashtra,r1
r1s11t3-15.wav,0.000,0.638,0.000,S11,1,saurashtra,r1
r1s12t1-01.wav,1.216,1.302,0.128,S12,1,saurashtra,r1
r1s12t1-02.wav,0.480,1.216,0.032,S12,1,saurashtra,r1
r1s12t1-03.wav,0.160,0.800,0.160,S12,1,saurashtra,r1
r1s12t1-04.wav,1.216,1.289,0.224,S12,1,saurashtra,r1
r1s12t1-05.wav,0.672,0.928,0.064,S12,1,saurashtra,r1
r1s12t1-06.wav,0.256,0.800,0.256,S12,1,saurashtra,r1
r1s12t1-07.wav,0.640,1.280,0.640,S12,1,saurashtra,r1
r1s12t1-08.wav,0.256,0.896,0.256,S12,1,saurashtra,r1
r1s12t1-09.wav,0.672,1.056,0.032,S12,1,saurashtra,r1
r1s12t1-10.wav,0.224,1.024,0.224,S12,1,saurashtra,r1
r1s12t1-11.wav,1.536,1.608,0.512,S12,1,saurashtra,r1
r1s12t1-12.wav,1.248,1.327,0.192,S12,1,saurashtra,r1
r1s12t1-13.wav,0.384,0.864,0.032,S12,1,saurashtra,r1
r1s12t1-14.wav,0.256,0.928,0.256,S12,1,saurashtra,r1
r1s12t1-15.wav,0.128,0.766,0.128,S12,1,saurashtra,r1
r1s12t2-01.wav,0.640,1.024,0.064,S12,1,saurashtra,r1
r1s12t2-02.wav,0.064,1.280,0.064,S12,1,saurashtra,r1
r1s12t2-03.wav,0.160,0.864,0.064,S12,1,saurashtra,r1
r1s12t2-04.wav,1.088,1.188,0.064,S12,1,saurashtra,r1
r1s12t2-05.wav,0.768,0.864,0.096,S12,1,saurashtra,r1
r1s12t2-06.wav,0.256,0.864,0.256,S12,1,saurashtra,r1
r1s12t2-07.wav,0.288,1.056,0.288,S12,1,saurashtra,r1
r1s12t2-08.wav,1.088,1.141,0.192,S12,1,saurashtra,r1
r1s12t2-09.wav,0.544,0.896,0.096,S12,1,saurashtra,r1
r1s12t2-10.wav,0.256,1.056,0.256,S12,1,saurashtra,r1
r1s12t2-11.wav,1.184,1.236,0.352,S12,1,saurashtra,r1
r1s12t2-12.wav,1.120,1.295,0.128,S12,1,saurashtra,r1
r1s12t2-13.wav,0.192,0.928,0.192,S12,1,saurashtra,r1
r1s12t2-14.wav,0.256,1.152,0.256,S12,1,saurashtra,r1
r1s12t2-15.wav,0.224,1.056,0.224,S12,1,saurashtra,r1
r1s12t3-01.wav,1.254,1.302,0.197,S12,1,saurashtra,r1
r1s12t3-02.wav,0.511,1.207,0.093,S12,1,saurashtra,r1
r1s12t3-03.wav,0.186,0.778,0.139,S12,1,saurashtra,r1
r1s12t3-04.wav,1.219,1.289,0.244,S12,1,saurashtra,r1
r1s12t3-05.wav,0.697,0.906,0.116,S12,1,saurashtra,r1
r1s12t3-06.wav,0.279,0.766,0.279,S12,1,saurashtra,r1
r1s12t3-07.wav,0.639,1.265,0.639,S12,1,saurashtra,r1
r1s12t3-08.wav,0.592,0.836,0.070,S12,1,saurashtra,r1
r1s12t3-09.wav,0.697,1.010,0.093,S12,1,saurashtra,r1
r1s12t3-10.wav,0.685,0.998,0.058,S12,1,saurashtra,r1
r1s12t3-11.wav,1.579,1.608,0.592,S12,1,saurashtra,r1
r1s12t3-12.wav,1.289,1.327,0.290,S12,1,saurashtra,r1
r1s12t3-13.wav,0.406,0.824,0.093,S12,1,saurashtra,r1
r1s12t3-14.wav,0.290,0.882,0.290,S12,1,saurashtra,r1
r1s12t3-15.wav,0.163,0.766,0.163,S12,1,saurashtra,r1
r1s13t1-01.wav,0.960,1.248,0.032,S13,1,saurashtra,r1
r1s13t1-02.wav,0.320,0.960,0.128,S13,1,saurashtra,r1
r1s13t1-03.wav,0.960,1.088,0.064,S13,1,saurashtra,r1
r1s13t1-04.wav,0.288,0.928,0.160,S13,1,saurashtra,r1
r1s13t1-05.wav,1.088,1.309,0.128,S13,1,saurashtra,r1
r1s13t1-06.wav,0.864,1.152,0.096,S13,1,saurashtra,r1
r1s13t1-07.wav,0.032,0.992,0.032,S13,1,saurashtra,r1
r1s13t1-08.wav,0.320,1.154,0.320,S13,1,saurashtra,r1
r1s13t1-09.wav,1.056,1.214,0.160,S13,1,saurashtra,r1
r1s13t1-10.wav,0.032,0.928,0.032,S13,1,saurashtra,r1
r1s13t1-11.wav,0.256,0.960,0.256,S13,1,saurashtra,r1
r1s13t1-12.wav,0.384,0.896,0.384,S13,1,saurashtra,r1
r1s13t1-13.wav,0.256,0.896,0.256,S13,1,saurashtra,r1
r1s13t1-14.wav,0.320,0.928,0.320,S13,1,saurashtra,r1
r1s13t1-15.wav,0.416,1.047,0.256,S13,1,saurashtra,r1
r1s13t2-01.wav,0.499,0.639,0.116,S13,1,saurashtra,r1
r1s13t2-02.wav,0.697,0.848,0.070,S13,1,saurashtra,r1
r1s13t2-03.wav,0.430,0.604,0.012,S13,1,saurashtra,r1
r1s13t2-04.wav,0.511,0.708,0.058,S13,1,saurashtra,r1
r1s13t2-05.wav,0.267,0.697,0.267,S13,1,saurashtra,r1
r1s13t2-06.wav,0.360,0.731,0.360,S13,1,saurashtra,r1
r1s13t2-07.wav,0.383,0.778,0.383,S13,1,saurashtra,r1
r1s13t2-08.wav,0.650,0.836,0.058,S13,1,saurashtra,r1
r1s13t2-09.wav,0.592,0.755,0.116,S13,1,saurashtra,r1
r1s13t2-10.wav,0.848,0.987,0.104,S13,1,saurashtra,r1
r1s13t2-11.wav,0.639,0.836,0.046,S13,1,saurashtra,r1
r1s13t2-12.wav,0.267,0.697,0.267,S13,1,saurashtra,r1
r1s13t2-13.wav,0.557,0.871,0.070,S13,1,saurashtra,r1
r1s13t2-14.wav,0.267,0.778,0.267,S13,1,saurashtra,r1
r1s13t2-15.wav,0.499,0.731,0.046,S13,1,saurashtra,r1
r1s14t1-01.wav,0.128,1.092,0.128,S14,1,saurashtra,r1
r1s14t1-02.wav,0.000,1.123,0.000,S14,1,saurashtra,r1
r1s14t1-03.wav,0.896,0.928,0.032,S14,1,saurashtra,r1
r1s14t1-04.wav,0.096,1.081,0.096,S14,1,saurashtra,r1
r1s14t1-05.wav,0.736,0.896,0.128,S14,1,saurashtra,r1
r1s14t1-06.wav,0.032,0.864,0.032,S14,1,saurashtra,r1
r1s14t1-07.wav,0.864,1.152,0.032,S14,1,saurashtra,r1
r1s14t1-08.wav,0.128,1.020,0.128,S14,1,saurashtra,r1
r1s14t1-09.wav,0.000,0.768,0.000,S14,1,saurashtra,r1
r1s14t1-10.wav,0.192,0.992,0.192,S14,1,saurashtra,r1
r1s14t1-11.wav,1.120,1.222,0.160,S14,1,saurashtra,r1
r1s14t1-12.wav,0.736,0.774,0.224,S14,1,saurashtra,r1
r1s14t1-13.wav,0.032,0.672,0.032,S14,1,saurashtra,r1
r1s14t1-14.wav,0.928,1.105,0.192,S14,1,saurashtra,r1
r1s14t1-15.wav,0.000,0.975,0.000,S14,1,saurashtra,r1
r1s14t2-01.wav,0.192,0.896,0.192,S14,1,saurashtra,r1
r1s14t2-02.wav,0.032,1.056,0.032,S14,1,saurashtra,r1
r1s14t2-03.wav,0.000,0.736,0.000,S14,1,saurashtra,r1
r1s14t2-04.wav,0.064,0.864,0.064,S14,1,saurashtra,r1
r1s14t2-05.wav,0.160,0.640,0.160,S14,1,saurashtra,r1
r1s14t2-06.wav,0.320,0.823,0.320,S14,1,saurashtra,r1
r1s14t2-07.wav,0.000,0.544,0.000,S14,1,saurashtra,r1
r1s14t2-08.wav,0.768,0.823,0.064,S14,1,saurashtra,r1
r1s14t2-09.wav,0.096,0.652,0.096,S14,1,saurashtra,r1
r1s14t2-10.wav,0.032,0.704,0.032,S14,1,saurashtra,r1
r1s14t2-11.wav,0.832,0.908,0.064,S14,1,saurashtra,r1
r1s14t2-12.wav,0.192,0.736,0.032,S14,1,saurashtra,r1
r1s14t2-13.wav,0.352,0.960,0.352,S14,1,saurashtra,r1
r1s14t2-14.wav,0.160,0.704,0.160,S14,1,saurashtra,r1
r1s14t2-15.wav,0.288,0.864,0.288,S14,1,saurashtra,r1
r1s15t1-01.wav,0.064,0.680,0.064,S15,1,saurashtra,r1
r1s15t1-02.wav,0.000,0.894,0.000,S15,1,saurashtra,r1
r1s15t1-03.wav,0.000,0.672,0.000,S15,1,saurashtra,r1
r1s15t1-04.wav,0.032,0.754,0.032,S15,1,saurashtra,r1
r1s15t1-05.wav,0.608,0.791,0.160,S15,1,saurashtra,r1
r1s15t1-06.wav,0.032,0.665,0.032,S15,1,saurashtra,r1
r1s15t1-07.wav,0.000,0.695,0.000,S15,1,saurashtra,r1
r1s15t1-08.wav,0.032,0.672,0.032,S15,1,saurashtra,r1
r1s15t1-09.wav,0.224,0.544,0.064,S15,1,saurashtra,r1
r1s15t1-10.wav,0.352,1.024,0.352,S15,1,saurashtra,r1
r1s15t1-11.wav,0.000,0.798,0.000,S15,1,saurashtra,r1
r1s15t1-12.wav,0.608,0.887,0.032,S15,1,saurashtra,r1
r1s15t1-13.wav,0.000,0.732,0.000,S15,1,saurashtra,r1
r1s15t1-14.wav,0.224,0.832,0.128,S15,1,saurashtra,r1
r1s15t1-15.wav,0.064,1.280,0.064,S15,1,saurashtra,r1
r1s15t2-01.wav,0.224,0.789,0.224,S15,1,saurashtra,r1
r1s15t2-02.wav,0.064,0.957,0.064,S15,1,saurashtra,r1
r1s15t2-03.wav,0.032,0.544,0.032,S15,1,saurashtra,r1
r1s15t2-04.wav,0.128,0.848,0.128,S15,1,saurashtra,r1
r1s15t2-05.wav,0.000,0.576,0.000,S15,1,saurashtra,r1
r1s15t2-06.wav,0.192,0.779,0.192,S15,1,saurashtra,r1
r1s15t2-07.wav,0.064,0.800,0.064,S15,1,saurashtra,r1
r1s15t2-08.wav,0.128,0.640,0.128,S15,1,saurashtra,r1
r1s15t2-09.wav,0.096,0.736,0.096,S15,1,saurashtra,r1
r1s15t2-10.wav,0.192,0.800,0.192,S15,1,saurashtra,r1
r1s15t2-11.wav,0.224,0.832,0.128,S15,1,saurashtra,r1
r1s15t2-12.wav,0.320,0.800,0.320,S15,1,saurashtra,r1
r1s15t2-13.wav,0.928,1.006,0.128,S15,1,saurashtra,r1
r1s15t2-14.wav,0.224,0.832,0.128,S15,1,saurashtra,r1
r1s15t2-15.wav,0.064,1.280,0.064,S15,1,saurashtra,r1
r1s16t1-01.wav,1.248,1.385,0.096,S16,1,saurashtra,r1
r1s16t1-02.wav,0.864,1.110,0.160,S16,1,saurashtra,r1
r1s16t1-03.wav,0.736,0.904,0.288,S16,1,saurashtra,r1
r1s16t1-04.wav,0.032,0.672,0.032,S16,1,saurashtra,r1
r1s16t1-05.wav,0.352,0.704,0.352,S16,1,saurashtra,r1
r1s16t1-06.wav,0.480,0.896,0.480,S16,1,saurashtra,r1
r1s16t1-07.wav,0.544,1.024,0.544,S16,1,saurashtra,r1
r1s16t1-08.wav,0.352,0.864,0.352,S16,1,saurashtra,r1
r1s16t1-09.wav,0.384,0.896,0.384,S16,1,saurashtra,r1
r1s16t1-10.wav,0.544,1.152,0.544,S16,1,saurashtra,r1
r1s16t1-11.wav,1.376,1.477,0.480,S16,1,saurashtra,r1
r1s16t1-12.wav,0.384,0.896,0.384,S16,1,saurashtra,r1
r1s16t1-13.wav,1.376,1.500,0.448,S16,1,saurashtra,r1
r1s16t1-14.wav,1.280,1.339,0.416,S16,1,saurashtra,r1
r1s16t1-15.wav,0.288,0.864,0.288,S16,1,saurashtra,r1
r1s16t2-01.wav,0.288,0.866,0.288,S16,1,saurashtra,r1
r1s16t2-02.wav,0.896,0.999,0.128,S16,1,saurashtra,r1
r1s16t2-03.wav,0.800,0.904,0.160,S16,1,saurashtra,r1
r1s16t2-04.wav,0.192,0.800,0.192,S16,1,saurashtra,r1
r1s16t2-05.wav,0.832,0.904,0.288,S16,1,saurashtra,r1
r1s16t2-06.wav,0.224,0.672,0.224,S16,1,saurashtra,r1
r1s16t2-07.wav,0.256,0.736,0.256,S16,1,saurashtra,r1
r1s16t2-08.wav,0.288,0.800,0.288,S16,1,saurashtra,r1
r1s16t2-09.wav,0.352,0.864,0.352,S16,1,saurashtra,r1
r1s16t2-10.wav,0.224,0.864,0.224,S16,1,saurashtra,r1
r1s16t2-11.wav,0.256,0.800,0.256,S16,1,saurashtra,r1
r1s16t2-12.wav,0.288,0.800,0.288,S16,1,saurashtra,r1
r1s16t2-13.wav,0.224,0.832,0.224,S16,1,saurashtra,r1
r1s16t2-14.wav,0.224,0.736,0.224,S16,1,saurashtra,r1
r1s16t2-15.wav,0.160,0.768,0.160,S16,1,saurashtra,r1
r1s17t1-01.wav,0.576,0.928,0.032,S17,1,saurashtra,r1
r1s17t1-02.wav,0.192,1.359,0.192,S17,1,saurashtra,r1
r1s17t1-03.wav,0.000,1.136,0.000,S17,1,saurashtra,r1
r1s17t1-04.wav,0.000,1.476,0.000,S17,1,saurashtra,r1
r1s17t1-05.wav,1.088,1.359,0.064,S17,1,saurashtra,r1
r1s17t1-06.wav,1.184,1.288,0.096,S17,1,saurashtra,r1
r1s17t1-07.wav,0.128,1.171,0.128,S17,1,saurashtra,r1
r1s17t1-08.wav,0.000,1.101,0.000,S17,1,saurashtra,r1
r1s17t1-09.wav,0.000,1.312,0.000,S17,1,saurashtra,r1
r1s17t1-10.wav,0.000,1.253,0.000,S17,1,saurashtra,r1
r1s17t1-11.wav,0.960,1.218,0.128,S17,1,saurashtra,r1
r1s17t1-12.wav,1.152,1.288,0.288,S17,1,saurashtra,r1
r1s17t1-13.wav,0.672,1.171,0.064,S17,1,saurashtra,r1
r1s17t1-14.wav,0.992,1.066,0.192,S17,1,saurashtra,r1
r1s17t1-15.wav,0.224,0.928,0.224,S17,1,saurashtra,r1
r1s17t2-01.wav,0.320,0.928,0.096,S17,1,saurashtra,r1
r1s17t2-02.wav,0.320,1.248,0.320,S17,1,saurashtra,r1
r1s17t2-03.wav,0.384,1.056,0.384,S17,1,saurashtra,r1
r1s17t2-04.wav,0.896,1.216,0.032,S17,1,saurashtra,r1
r1s17t2-05.wav,0.384,0.992,0.384,S17,1,saurashtra,r1
r1s17t2-06.wav,0.416,0.864,0.416,S17,1,saurashtra,r1
r1s17t2-07.wav,0.480,1.024,0.480,S17,1,saurashtra,r1
r1s17t2-08.wav,0.704,0.992,0.032,S17,1,saurashtra,r1
r1s17t2-09.wav,0.960,1.280,0.032,S17,1,saurashtra,r1
r1s17t2-10.wav,0.512,1.216,0.512,S17,1,saurashtra,r1
r1s17t2-11.wav,0.512,1.216,0.512,S17,1,saurashtra,r1
r1s17t2-12.wav,1.024,1.216,0.032,S17,1,saurashtra,r1
r1s17t2-13.wav,0.256,0.864,0.256,S17,1,saurashtra,r1
r1s17t2-14.wav,0.448,1.088,0.448,S17,1,saurashtra,r1
r1s17t2-15.wav,1.408,1.536,0.288,S17,1,saurashtra,r1
r1s17t3-01.wav,0.320,0.928,0.096,S17,1,saurashtra,r1
r1s17t3-02.wav,0.320,1.248,0.320,S17,1,saurashtra,r1
r1s17t3-03.wav,0.384,1.056,0.384,S17,1,saurashtra,r1
r1s17t3-04.wav,0.416,1.216,0.416,S17,1,saurashtra,r1
r1s17t3-05.wav,0.352,0.992,0.352,S17,1,saurashtra,r1
r1s17t3-06.wav,0.384,0.864,0.384,S17,1,saurashtra,r1
r1s17t3-07.wav,0.480,1.056,0.480,S17,1,saurashtra,r1
r1s17t3-08.wav,0.704,0.992,0.032,S17,1,saurashtra,r1
r1s17t3-09.wav,0.960,1.280,0.032,S17,1,saurashtra,r1
r1s17t3-10.wav,0.512,1.216,0.512,S17,1,saurashtra,r1
r1s17t3-11.wav,0.512,1.216,0.512,S17,1,saurashtra,r1
r1s17t3-12.wav,1.024,1.216,0.032,S17,1,saurashtra,r1
r1s17t3-13.wav,0.256,0.864,0.256,S17,1,saurashtra,r1
r1s17t3-14.wav,0.448,1.120,0.448,S17,1,saurashtra,r1
r1s17t3-15.wav,1.408,1.536,0.256,S17,1,saurashtra,r1
r1s2t1-01.wav,0.277,1.035,0.043,S2,1,saurashtra,r1
r1s2t1-02.wav,0.373,1.024,0.011,S2,1,saurashtra,r1
r1s2t1-03.wav,0.213,0.704,0.213,S2,1,saurashtra,r1
r1s2t1-04.wav,0.661,0.960,0.075,S2,1,saurashtra,r1
r1s2t1-05.wav,0.587,0.768,0.096,S2,1,saurashtra,r1
r1s2t1-06.wav,0.725,0.779,0.075,S2,1,saurashtra,r1
r1s2t1-07.wav,1.013,1.056,0.011,S2,1,saurashtra,r1
r1s2t1-08.wav,0.672,0.736,0.096,S2,1,saurashtra,r1
r1s2t1-09.wav,1.003,1.024,0.053,S2,1,saurashtra,r1
r1s2t1-10.wav,0.907,1.003,0.011,S2,1,saurashtra,r1
r1s2t1-11.wav,0.032,0.811,0.032,S2,1,saurashtra,r1
r1s2t1-12.wav,0.107,0.768,0.107,S2,1,saurashtra,r1
r1s2t1-13.wav,0.960,1.003,0.192,S2,1,saurashtra,r1
r1s2t1-14.wav,0.085,0.683,0.032,S2,1,saurashtra,r1
r1s2t1-15.wav,1.035,1.045,0.139,S2,1,saurashtra,r1
r1s2t2-01.wav,0.405,0.725,0.075,S2,1,saurashtra,r1
r1s2t2-02.wav,0.309,0.832,0.053,S2,1,saurashtra,r1
r1s2t2-03.wav,0.064,0.619,0.064,S2,1,saurashtra,r1
r1s2t2-04.wav,0.597,0.917,0.075,S2,1,saurashtra,r1
r1s2t2-05.wav,0.587,0.693,0.128,S2,1,saurashtra,r1
r1s2t2-06.wav,0.043,0.555,0.043,S2,1,saurashtra,r1
r1s2t2-07.wav,0.021,0.597,0.021,S2,1,saurashtra,r1
r1s2t2-08.wav,0.320,0.619,0.043,S2,1,saurashtra,r1
r1s2t2-09.wav,0.373,0.683,0.043,S2,1,saurashtra,r1
r1s2t2-10.wav,0.608,0.843,0.021,S2,1,saurashtra,r1
r1s2t2-11.wav,0.373,0.747,0.043,S2,1,saurashtra,r1
r1s2t2-12.wav,0.299,0.533,0.032,S2,1,saurashtra,r1
r1s2t2-13.wav,0.309,0.736,0.053,S2,1,saurashtra,r1
r1s2t2-14.wav,0.064,0.768,0.064,S2,1,saurashtra,r1
r1s2t2-15.wav,0.043,0.832,0.043,S2,1,saurashtra,r1
r1s3t1-01.wav,0.320,0.565,0.085,S3,1,saurashtra,r1
r1s3t1-02.wav,0.288,0.768,0.064,S3,1,saurashtra,r1
r1s3t1-03.wav,0.075,0.555,0.075,S3,1,saurashtra,r1
r1s3t1-04.wav,0.405,0.661,0.053,S3,1,saurashtra,r1
r1s3t1-05.wav,0.469,0.608,0.075,S3,1,saurashtra,r1
r1s3t1-06.wav,0.032,0.469,0.032,S3,1,saurashtra,r1
r1s3t1-07.wav,0.043,0.565,0.043,S3,1,saurashtra,r1
r1s3t1-08.wav,0.256,0.533,0.075,S3,1,saurashtra,r1
r1s3t1-09.wav,0.299,0.597,0.085,S3,1,saurashtra,r1
r1s3t1-10.wav,0.448,0.736,0.075,S3,1,saurashtra,r1
r1s3t1-11.wav,0.341,0.629,0.053,S3,1,saurashtra,r1
r1s3t1-12.wav,0.555,0.629,0.053,S3,1,saurashtra,r1
r1s3t1-13.wav,0.235,0.640,0.064,S3,1,saurashtra,r1
r1s3t1-14.wav,0.075,0.683,0.075,S3,1,saurashtra,r1
r1s3t1-15.wav,0.235,0.512,0.011,S3,1,saurashtra,r1
r1s3t2-01.wav,0.352,0.501,0.085,S3,1,saurashtra,r1
r1s3t2-02.wav,0.533,0.661,0.043,S3,1,saurashtra,r1
r1s3t2-03.wav,0.064,0.405,0.064,S3,1,saurashtra,r1
r1s3t2-04.wav,0.384,0.565,0.075,S3,1,saurashtra,r1
r1s3t2-05.wav,0.501,0.576,0.139,S3,1,saurashtra,r1
r1s3t2-06.wav,0.128,0.533,0.128,S3,1,saurashtra,r1
r1s3t2-07.wav,0.160,0.555,0.160,S3,1,saurashtra,r1
r1s3t2-08.wav,0.469,0.587,0.075,S3,1,saurashtra,r1
r1s3t2-09.wav,0.395,0.608,0.021,S3,1,saurashtra,r1
r1s3t2-10.wav,0.821,0.864,0.075,S3,1,saurashtra,r1
r1s3t2-11.wav,0.480,0.683,0.021,S3,1,saurashtra,r1
r1s3t2-12.wav,0.469,0.555,0.064,S3,1,saurashtra,r1
r1s3t2-13.wav,0.203,0.533,0.075,S3,1,saurashtra,r1
r1s3t2-14.wav,0.053,0.747,0.053,S3,1,saurashtra,r1
r1s3t2-15.wav,0.085,0.587,0.085,S3,1,saurashtra,r1
r1s4t1-01.wav,0.000,0.590,0.000,S4,1,saurashtra,r1
r1s4t1-02.wav,0.000,0.757,0.000,S4,1,saurashtra,r1
r1s4t1-03.wav,0.000,0.540,0.000,S4,1,saurashtra,r1
r1s4t1-04.wav,0.000,0.757,0.000,S4,1,saurashtra,r1
r1s4t1-05.wav,0.000,0.576,0.000,S4,1,saurashtra,r1
r1s4t1-06.wav,0.640,0.755,0.096,S4,1,saurashtra,r1
r1s4t1-07.wav,0.000,0.826,0.000,S4,1,saurashtra,r1
r1s4t1-08.wav,0.000,0.723,0.000,S4,1,saurashtra,r1
r1s4t1-09.wav,0.000,0.576,0.000,S4,1,saurashtra,r1
r1s4t1-10.wav,0.032,0.917,0.032,S4,1,saurashtra,r1
r1s4t1-11.wav,0.896,1.061,0.032,S4,1,saurashtra,r1
r1s4t1-12.wav,0.864,0.961,0.032,S4,1,saurashtra,r1
r1s4t1-13.wav,0.000,0.915,0.000,S4,1,saurashtra,r1
r1s4t1-14.wav,0.000,0.796,0.000,S4,1,saurashtra,r1
r1s4t1-15.wav,0.000,0.561,0.000,S4,1,saurashtra,r1
r1s4t2-01.wav,0.032,0.488,0.032,S4,1,saurashtra,r1
r1s4t2-02.wav,0.000,0.785,0.000,S4,1,saurashtra,r1
r1s4t2-03.wav,0.000,0.480,0.000,S4,1,saurashtra,r1
r1s4t2-04.wav,0.000,0.736,0.000,S4,1,saurashtra,r1
r1s4t2-05.wav,0.000,0.572,0.000,S4,1,saurashtra,r1
r1s4t2-06.wav,0.064,0.553,0.064,S4,1,saurashtra,r1
r1s4t2-07.wav,0.768,0.814,0.096,S4,1,saurashtra,r1
r1s4t2-08.wav,0.096,0.576,0.096,S4,1,saurashtra,r1
r1s4t2-09.wav,0.000,0.498,0.000,S4,1,saurashtra,r1
r1s4t2-10.wav,0.000,0.736,0.000,S4,1,saurashtra,r1
r1s4t2-11.wav,0.192,0.832,0.192,S4,1,saurashtra,r1
r1s4t2-12.wav,0.032,0.576,0.032,S4,1,saurashtra,r1
r1s4t2-13.wav,0.032,0.641,0.032,S4,1,saurashtra,r1
r1s4t2-14.wav,0.000,0.696,0.000,S4,1,saurashtra,r1
r1s4t2-15.wav,0.000,0.598,0.000,S4,1,saurashtra,r1
r1s5t1-01.wav,1.207,1.254,0.046,S5,1,saurashtra,r1
r1s5t1-02.wav,0.894,0.929,0.046,S5,1,saurashtra,r1
r1s5t1-03.wav,0.731,0.778,0.012,S5,1,saurashtra,r1
r1s5t1-04.wav,0.882,0.917,0.012,S5,1,saurashtra,r1
r1s5t1-05.wav,0.859,0.871,0.012,S5,1,saurashtra,r1
r1s5t1-06.wav,0.987,1.020,0.221,S5,1,saurashtra,r1
r1s5t1-07.wav,0.975,1.045,0.012,S5,1,saurashtra,r1
r1s5t1-08.wav,0.848,0.894,0.046,S5,1,saurashtra,r1
r1s5t1-09.wav,0.766,0.813,0.023,S5,1,saurashtra,r1
r1s5t1-10.wav,1.219,1.274,0.012,S5,1,saurashtra,r1
r1s5t1-11.wav,0.906,0.917,0.035,S5,1,saurashtra,r1
r1s5t1-12.wav,0.801,0.859,0.035,S5,1,saurashtra,r1
r1s5t1-13.wav,0.824,0.925,0.012,S5,1,saurashtra,r1
r1s5t1-14.wav,0.000,0.824,0.000,S5,1,saurashtra,r1
r1s5t1-15.wav,0.058,0.476,0.058,S5,1,saurashtra,r1
r1s5t2-01.wav,0.766,0.789,0.046,S5,1,saurashtra,r1
r1s5t2-02.wav,1.068,1.099,0.302,S5,1,saurashtra,r1
r1s5t2-03.wav,0.197,0.569,0.197,S5,1,saurashtra,r1
r1s5t2-04.wav,0.499,0.697,0.046,S5,1,saurashtra,r1
r1s5t2-05.wav,0.139,0.685,0.139,S5,1,saurashtra,r1
r1s5t2-06.wav,0.964,1.000,0.406,S5,1,saurashtra,r1
r1s5t2-07.wav,0.186,0.766,0.186,S5,1,saurashtra,r1
r1s5t2-08.wav,0.221,0.662,0.221,S5,1,saurashtra,r1
r1s5t2-09.wav,1.057,1.083,0.058,S5,1,saurashtra,r1
r1s5t2-10.wav,0.743,0.964,0.046,S5,1,saurashtra,r1
r1s5t2-11.wav,0.104,1.010,0.104,S5,1,saurashtra,r1
r1s5t2-12.wav,0.836,0.882,0.186,S5,1,saurashtra,r1
r1s5t2-13.wav,0.964,1.010,0.337,S5,1,saurashtra,r1
r1s5t2-14.wav,0.929,1.138,0.012,S5,1,saurashtra,r1
r1s5t2-15.wav,0.081,0.592,0.012,S5,1,saurashtra,r1
r1s6t1-01.wav,0.418,0.730,0.128,S6,1,saurashtra,r1
r1s6t1-02.wav,0.325,0.906,0.081,S6,1,saurashtra,r1
r1s6t1-03.wav,0.070,0.650,0.070,S6,1,saurashtra,r1
r1s6t1-04.wav,0.871,0.910,0.128,S6,1,saurashtra,r1
r1s6t1-05.wav,0.580,0.673,0.116,S6,1,saurashtra,r1
r1s6t1-06.wav,0.070,0.720,0.070,S6,1,saurashtra,r1
r1s6t1-07.wav,0.000,0.731,0.000,S6,1,saurashtra,r1
r1s6t1-08.wav,0.348,0.660,0.104,S6,1,saurashtra,r1
r1s6t1-09.wav,0.430,0.643,0.081,S6,1,saurashtra,r1
r1s6t1-10.wav,0.000,0.691,0.000,S6,1,saurashtra,r1
r1s6t1-11.wav,0.012,0.627,0.012,S6,1,saurashtra,r1
r1s6t1-12.wav,0.070,0.580,0.070,S6,1,saurashtra,r1
r1s6t1-13.wav,0.302,0.751,0.070,S6,1,saurashtra,r1
r1s6t1-14.wav,0.604,0.713,0.023,S6,1,saurashtra,r1
r1s6t1-15.wav,0.952,0.964,0.186,S6,1,saurashtra,r1
r1s6t2-01.wav,0.430,0.708,0.116,S6,1,saurashtra,r1
r1s6t2-02.wav,0.302,0.882,0.081,S6,1,saurashtra,r1
r1s6t2-03.wav,0.093,0.708,0.035,S6,1,saurashtra,r1
r1s6t2-04.wav,0.836,0.863,0.128,S6,1,saurashtra,r1
r1s6t2-05.wav,0.998,1.038,0.267,S6,1,saurashtra,r1
r1s6t2-06.wav,0.685,0.748,0.012,S6,1,saurashtra,r1
r1s6t2-07.wav,0.012,0.697,0.012,S6,1,saurashtra,r1
r1s6t2-08.wav,0.430,0.737,0.104,S6,1,saurashtra,r1
r1s6t2-09.wav,0.476,0.677,0.081,S6,1,saurashtra,r1
r1s6t2-10.wav,0.000,0.732,0.000,S6,1,saurashtra,r1
r1s6t2-11.wav,0.012,0.627,0.012,S6,1,saurashtra,r1
r1s6t2-12.wav,0.093,0.604,0.093,S6,1,saurashtra,r1
r1s6t2-13.wav,0.221,0.770,0.058,S6,1,saurashtra,r1
r1s6t2-14.wav,0.639,0.683,0.035,S6,1,saurashtra,r1
r1s6t2-15.wav,0.964,0.975,0.186,S6,1,saurashtra,r1
r1s7t1-01.wav,0.437,0.757,0.096,S7,1,saurashtra,r1
r1s7t1-02.wav,0.395,0.981,0.075,S7,1,saurashtra,r1
r1s7t1-03.wav,0.331,0.843,0.331,S7,1,saurashtra,r1
r1s7t1-04.wav,1.472,1.483,0.043,S7,1,saurashtra,r1
r1s7t1-05.wav,1.493,1.520,0.555,S7,1,saurashtra,r1
r1s7t1-06.wav,0.384,0.928,0.384,S7,1,saurashtra,r1
r1s7t1-07.wav,0.299,0.917,0.299,S7,1,saurashtra,r1
r1s7t1-08.wav,0.416,0.693,0.085,S7,1,saurashtra,r1
r1s7t1-09.wav,1.611,1.643,0.587,S7,1,saurashtra,r1
r1s7t1-10.wav,0.640,0.949,0.043,S7,1,saurashtra,r1
r1s7t1-11.wav,1.525,1.557,0.021,S7,1,saurashtra,r1
r1s7t1-12.wav,0.907,0.981,0.043,S7,1,saurashtra,r1
r1s7t1-13.wav,1.493,1.536,0.043,S7,1,saurashtra,r1
r1s7t1-14.wav,1.152,1.291,0.011,S7,1,saurashtra,r1
r1s7t1-15.wav,0.256,1.024,0.011,S7,1,saurashtra,r1
r1s7t2-01.wav,0.430,0.766,0.081,S7,1,saurashtra,r1
r1s7t2-02.wav,0.383,0.987,0.058,S7,1,saurashtra,r1
r1s7t2-03.wav,0.325,0.836,0.325,S7,1,saurashtra,r1
r1s7t2-04.wav,1.474,1.486,0.046,S7,1,saurashtra,r1
r1s7t2-05.wav,1.498,1.520,0.546,S7,1,saurashtra,r1
r1s7t2-06.wav,0.383,0.929,0.383,S7,1,saurashtra,r1
r1s7t2-07.wav,0.302,0.917,0.302,S7,1,saurashtra,r1
r1s7t2-08.wav,0.418,0.697,0.093,S7,1,saurashtra,r1
r1s7t2-09.wav,1.602,1.649,0.580,S7,1,saurashtra,r1
r1s7t2-10.wav,0.639,0.952,0.035,S7,1,saurashtra,r1
r1s7t2-11.wav,1.602,1.629,0.035,S7,1,saurashtra,r1
r1s7t2-12.wav,0.906,0.975,0.035,S7,1,saurashtra,r1
r1s7t2-13.wav,1.498,1.544,0.046,S7,1,saurashtra,r1
r1s7t2-14.wav,1.103,1.289,0.186,S7,1,saurashtra,r1
r1s7t2-15.wav,0.255,1.022,0.012,S7,1,saurashtra,r1
r1s8t1-01.wav,0.384,1.662,0.096,S8,1,saurashtra,r1
r1s8t1-02.wav,1.408,1.440,0.096,S8,1,saurashtra,r1
r1s8t1-03.wav,0.256,0.672,0.256,S8,1,saurashtra,r1
r1s8t1-04.wav,0.224,1.312,0.224,S8,1,saurashtra,r1
r1s8t1-05.wav,0.224,0.800,0.224,S8,1,saurashtra,r1
r1s8t1-06.wav,0.352,0.768,0.352,S8,1,saurashtra,r1
r1s8t1-07.wav,0.256,0.768,0.256,S8,1,saurashtra,r1
r1s8t1-08.wav,0.000,0.480,0.000,S8,1,saurashtra,r1
r1s8t1-09.wav,0.064,1.184,0.064,S8,1,saurashtra,r1
r1s8t1-10.wav,1.024,1.184,0.256,S8,1,saurashtra,r1
r1s8t1-11.wav,0.000,1.233,0.000,S8,1,saurashtra,r1
r1s8t1-12.wav,0.032,1.216,0.032,S8,1,saurashtra,r1
r1s8t1-13.wav,0.960,0.992,0.064,S8,1,saurashtra,r1
r1s8t1-14.wav,0.000,1.260,0.000,S8,1,saurashtra,r1
r1s8t1-15.wav,0.000,1.205,0.000,S8,1,saurashtra,r1
r1s8t2-01.wav,0.000,1.662,0.000,S8,1,saurashtra,r1
r1s8t2-02.wav,0.000,1.482,0.000,S8,1,saurashtra,r1
r1s8t2-03.wav,0.000,1.343,0.000,S8,1,saurashtra,r1
r1s8t2-04.wav,0.000,1.357,0.000,S8,1,saurashtra,r1
r1s8t2-05.wav,0.000,1.302,0.000,S8,1,saurashtra,r1
r1s8t2-06.wav,0.000,1.288,0.000,S8,1,saurashtra,r1
r1s8t2-07.wav,0.000,1.330,0.000,S8,1,saurashtra,r1
r1s8t2-08.wav,0.000,1.080,0.000,S8,1,saurashtra,r1
r1s8t2-09.wav,0.000,1.205,0.000,S8,1,saurashtra,r1
r1s8t2-10.wav,0.000,1.219,0.000,S8,1,saurashtra,r1
r1s8t2-11.wav,0.000,1.233,0.000,S8,1,saurashtra,r1
r1s8t2-12.wav,0.000,1.219,0.000,S8,1,saurashtra,r1
r1s8t2-13.wav,0.000,1.025,0.000,S8,1,saurashtra,r1
r1s8t2-14.wav,0.000,1.260,0.000,S8,1,saurashtra,r1
r1s8t2-15.wav,0.000,1.205,0.000,S8,1,saurashtra,r1
r1s9t1-01.wav,0.000,1.248,0.000,S9,1,saurashtra,r1
r1s9t1-02.wav,0.000,0.934,0.000,S9,1,saurashtra,r1
r1s9t1-03.wav,0.128,0.576,0.128,S9,1,saurashtra,r1
r1s9t1-04.wav,0.192,0.886,0.192,S9,1,saurashtra,r1
r1s9t1-05.wav,0.320,0.704,0.224,S9,1,saurashtra,r1
r1s9t1-06.wav,0.288,0.768,0.288,S9,1,saurashtra,r1
r1s9t1-07.wav,0.224,0.704,0.224,S9,1,saurashtra,r1
r1s9t1-08.wav,0.192,0.832,0.192,S9,1,saurashtra,r1
r1s9t1-09.wav,0.128,0.800,0.128,S9,1,saurashtra,r1
r1s9t1-10.wav,0.224,0.832,0.224,S9,1,saurashtra,r1
r1s9t1-11.wav,0.896,0.963,0.256,S9,1,saurashtra,r1
r1s9t1-12.wav,0.800,0.848,0.320,S9,1,saurashtra,r1
r1s9t1-13.wav,0.960,1.029,0.160,S9,1,saurashtra,r1
r1s9t1-14.wav,0.096,0.736,0.096,S9,1,saurashtra,r1
r1s9t1-15.wav,0.096,0.928,0.096,S9,1,saurashtra,r1
r1s9t2-01.wav,0.000,1.248,0.000,S9,1,saurashtra,r1
r1s9t2-02.wav,0.000,0.934,0.000,S9,1,saurashtra,r1
r1s9t2-03.wav,0.000,0.839,0.000,S9,1,saurashtra,r1
r1s9t2-04.wav,0.000,0.886,0.000,S9,1,saurashtra,r1
r1s9t2-05.wav,0.000,1.125,0.000,S9,1,saurashtra,r1
r1s9t2-06.wav,0.000,1.086,0.000,S9,1,saurashtra,r1
r1s9t2-07.wav,0.000,1.010,0.000,S9,1,saurashtra,r1
r1s9t2-08.wav,0.000,0.982,0.000,S9,1,saurashtra,r1
r1s9t2-09.wav,0.000,0.858,0.000,S9,1,saurashtra,r1
r1s9t2-10.wav,0.000,1.086,0.000,S9,1,saurashtra,r1
r1s9t2-11.wav,0.000,0.963,0.000,S9,1,saurashtra,r1
r1s9t2-12.wav,0.000,0.848,0.000,S9,1,saurashtra,r1
r1s9t2-13.wav,0.000,1.029,0.000,S9,1,saurashtra,r1
r1s9t2-14.wav,0.000,1.001,0.000,S9,1,saurashtra,r1
r1s9t2-15.wav,0.000,0.934,0.000,S9,1,saurashtra,r1
r2s1t1-01.wav,0.000,1.116,0.000,S1,2,baroda,r2
r2s1t1-02.wav,0.000,0.992,0.000,S1,2,baroda,r2
r2s1t1-03.wav,1.216,1.277,0.352,S1,2,baroda,r2
r2s1t1-04.wav,0.160,0.960,0.160,S1,2,baroda,r2
r2s1t1-05.wav,1.024,1.216,0.320,S1,2,baroda,r2
r2s1t1-06.wav,0.192,0.640,0.096,S1,2,baroda,r2
r2s1t1-07.wav,1.152,1.312,0.288,S1,2,baroda,r2
r2s1t1-08.wav,0.416,0.832,0.128,S1,2,baroda,r2
r2s1t1-09.wav,0.384,1.024,0.384,S1,2,baroda,r2
r2s1t1-10.wav,1.056,1.220,0.128,S1,2,baroda,r2
r2s1t1-11.wav,0.224,0.896,0.032,S1,2,baroda,r2
r2s1t1-12.wav,0.256,0.832,0.256,S1,2,baroda,r2
r2s1t1-13.wav,0.352,0.928,0.352,S1,2,baroda,r2
r2s1t1-14.wav,0.256,0.928,0.256,S1,2,baroda,r2
r2s1t1-15.wav,0.832,1.082,0.032,S1,2,baroda,r2
r2s1t2-01.wav,0.000,1.050,0.000,S1,2,baroda,r2
r2s1t2-02.wav,1.120,1.295,0.064,S1,2,baroda,r2
r2s1t2-03.wav,0.960,1.152,0.160,S1,2,baroda,r2
r2s1t2-04.wav,0.032,1.470,0.032,S1,2,baroda,r2
r2s1t2-05.wav,0.000,1.143,0.000,S1,2,baroda,r2
r2s1t2-06.wav,0.000,1.213,0.000,S1,2,baroda,r2
r2s1t2-07.wav,0.000,0.928,0.000,S1,2,baroda,r2
r2s1t2-08.wav,0.352,0.864,0.352,S1,2,baroda,r2
r2s1t2-09.wav,0.704,0.992,0.064,S1,2,baroda,r2
r2s1t2-10.wav,0.288,1.056,0.288,S1,2,baroda,r2
r2s1t2-11.wav,0.192,0.864,0.192,S1,2,baroda,r2
r2s1t2-12.wav,0.320,0.960,0.320,S1,2,baroda,r2
r2s1t2-13.wav,0.256,0.896,0.256,S1,2,baroda,r2
r2s1t2-14.wav,1.280,1.342,0.192,S1,2,baroda,r2
r2s1t2-15.wav,0.192,1.073,0.192,S1,2,baroda,r2
r2s1t3-01.wav,0.288,0.864,0.288,S1,2,baroda,r2
r2s1t3-02.wav,0.192,0.960,0.192,S1,2,baroda,r2
r2s1t3-03.wav,0.384,0.832,0.384,S1,2,baroda,r2
r2s1t3-04.wav,0.704,0.928,0.064,S1,2,baroda,r2
r2s1t3-05.wav,0.768,0.800,0.064,S1,2,baroda,r2
r2s1t3-06.wav,0.160,0.672,0.160,S1,2,baroda,r2
r2s1t3-07.wav,0.416,0.832,0.416,S1,2,baroda,r2
r2s1t3-08.wav,0.416,0.800,0.416,S1,2,baroda,r2
r2s1t3-09.wav,0.416,0.960,0.416,S1,2,baroda,r2
r2s1t3-10.wav,0.160,0.896,0.160,S1,2,baroda,r2
r2s1t3-11.wav,0.576,0.864,0.032,S1,2,baroda,r2
r2s1t3-12.wav,0.832,0.992,0.032,S1,2,baroda,r2
r2s1t3-13.wav,0.352,0.864,0.352,S1,2,baroda,r2
r2s1t3-14.wav,0.256,0.928,0.256,S1,2,baroda,r2
r2s1t3-15.wav,0.224,0.640,0.224,S1,2,baroda,r2
r2s2t1-01.wav,0.416,0.960,0.416,S2,2,baroda,r2
r2s2t1-02.wav,0.288,0.992,0.288,S2,2,baroda,r2
r2s2t1-03.wav,0.416,0.864,0.416,S2,2,baroda,r2
r2s2t1-04.wav,0.608,1.216,0.608,S2,2,baroda,r2
r2s2t1-05.wav,0.224,0.640,0.224,S2,2,baroda,r2
r2s2t1-06.wav,0.448,0.928,0.448,S2,2,baroda,r2
r2s2t1-07.wav,0.224,0.864,0.224,S2,2,baroda,r2
r2s2t1-08.wav,0.416,0.896,0.416,S2,2,baroda,r2
r2s2t1-09.wav,0.288,0.960,0.288,S2,2,baroda,r2
r2s2t1-10.wav,0.352,1.056,0.352,S2,2,baroda,r2
r2s2t1-11.wav,0.288,0.896,0.288,S2,2,baroda,r2
r2s2t1-12.wav,0.160,0.768,0.160,S2,2,baroda,r2
r2s2t1-13.wav,0.288,0.992,0.288,S2,2,baroda,r2
r2s2t1-14.wav,0.192,0.800,0.192,S2,2,baroda,r2
r2s2t1-15.wav,0.256,0.992,0.256,S2,2,baroda,r2
r2s2t2-01.wav,0.896,0.992,0.128,S2,2,baroda,r2
r2s2t2-02.wav,0.160,0.864,0.160,S2,2,baroda,r2
r2s2t2-03.wav,0.320,0.704,0.320,S2,2,baroda,r2
r2s2t2-04.wav,0.864,0.926,0.128,S2,2,baroda,r2
r2s2t2-05.wav,0.128,0.512,0.128,S2,2,baroda,r2
r2s2t2-06.wav,0.256,0.736,0.256,S2,2,baroda,r2
r2s2t2-07.wav,0.160,0.672,0.160,S2,2,baroda,r2
r2s2t2-08.wav,0.128,0.640,0.128,S2,2,baroda,r2
r2s2t2-09.wav,0.032,0.640,0.032,S2,2,baroda,r2
r2s2t2-10.wav,0.160,0.832,0.160,S2,2,baroda,r2
r2s2t2-11.wav,0.128,0.736,0.128,S2,2,baroda,r2
r2s2t2-12.wav,0.064,0.544,0.064,S2,2,baroda,r2
r2s2t2-13.wav,0.032,0.736,0.032,S2,2,baroda,r2
r2s2t2-14.wav,0.032,0.640,0.032,S2,2,baroda,r2
r2s2t2-15.wav,0.000,0.736,0.000,S2,2,baroda,r2
r2s3t1-01.wav,0.192,0.800,0.032,S3,2,baroda,r2
r2s3t1-02.wav,0.192,1.024,0.192,S3,2,baroda,r2
r2s3t1-03.wav,0.128,0.960,0.032,S3,2,baroda,r2
r2s3t1-04.wav,0.896,0.928,0.064,S3,2,baroda,r2
r2s3t1-05.wav,0.704,0.800,0.032,S3,2,baroda,r2
r2s3t1-06.wav,0.160,0.768,0.032,S3,2,baroda,r2
r2s3t1-07.wav,0.064,0.896,0.064,S3,2,baroda,r2
r2s3t1-08.wav,0.992,1.152,0.064,S3,2,baroda,r2
r2s3t1-09.wav,0.032,1.376,0.032,S3,2,baroda,r2
r2s3t1-10.wav,0.256,0.992,0.256,S3,2,baroda,r2
r2s3t1-11.wav,0.224,1.207,0.224,S3,2,baroda,r2
r2s3t1-12.wav,0.864,0.992,0.032,S3,2,baroda,r2
r2s3t1-13.wav,0.000,1.244,0.000,S3,2,baroda,r2
r2s3t1-14.wav,0.000,0.813,0.000,S3,2,baroda,r2
r2s3t1-15.wav,0.000,0.864,0.000,S3,2,baroda,r2
r2s3t2-01.wav,0.192,0.800,0.032,S3,2,baroda,r2
r2s3t2-02.wav,0.192,1.024,0.192,S3,2,baroda,r2
r2s3t2-03.wav,0.128,0.960,0.032,S3,2,baroda,r2
r2s3t2-04.wav,0.896,0.928,0.064,S3,2,baroda,r2
r2s3t2-05.wav,0.704,0.800,0.032,S3,2,baroda,r2
r2s3t2-06.wav,0.160,0.768,0.032,S3,2,baroda,r2
r2s3t2-07.wav,0.064,0.896,0.064,S3,2,baroda,r2
r2s3t2-08.wav,0.992,1.152,0.064,S3,2,baroda,r2
r2s3t2-09.wav,0.032,1.376,0.032,S3,2,baroda,r2
r2s3t2-10.wav,0.256,0.992,0.256,S3,2,baroda,r2
r2s3t2-11.wav,0.224,1.207,0.224,S3,2,baroda,r2
r2s3t2-12.wav,0.864,0.992,0.032,S3,2,baroda,r2
r2s3t2-13.wav,0.000,1.244,0.000,S3,2,baroda,r2
r2s3t2-14.wav,0.000,0.813,0.000,S3,2,baroda,r2
r2s3t2-15.wav,0.000,0.864,0.000,S3,2,baroda,r2
r2s4t1-01.wav,0.608,0.864,0.064,S4,2,baroda,r2
r2s4t1-02.wav,0.000,1.338,0.000,S4,2,baroda,r2
r2s4t1-03.wav,0.256,0.672,0.256,S4,2,baroda,r2
r2s4t1-04.wav,0.032,1.162,0.032,S4,2,baroda,r2
r2s4t1-05.wav,0.128,0.832,0.128,S4,2,baroda,r2
r2s4t1-06.wav,0.256,0.672,0.256,S4,2,baroda,r2
r2s4t1-07.wav,0.160,0.800,0.064,S4,2,baroda,r2
r2s4t1-08.wav,0.160,0.640,0.160,S4,2,baroda,r2
r2s4t1-09.wav,0.032,0.937,0.032,S4,2,baroda,r2
r2s4t1-10.wav,0.000,1.120,0.000,S4,2,baroda,r2
r2s4t1-11.wav,0.896,1.152,0.032,S4,2,baroda,r2
r2s4t1-12.wav,0.640,0.768,0.032,S4,2,baroda,r2
r2s4t1-13.wav,1.120,1.280,0.128,S4,2,baroda,r2
r2s4t1-14.wav,0.032,1.055,0.032,S4,2,baroda,r2
r2s4t1-15.wav,0.000,0.879,0.000,S4,2,baroda,r2
r2s4t2-01.wav,0.608,0.864,0.064,S4,2,baroda,r2
r2s4t2-02.wav,0.000,1.338,0.000,S4,2,baroda,r2
r2s4t2-03.wav,0.256,0.672,0.256,S4,2,baroda,r2
r2s4t2-04.wav,0.032,1.162,0.032,S4,2,baroda,r2
r2s4t2-05.wav,0.128,0.832,0.128,S4,2,baroda,r2
r2s4t2-06.wav,0.256,0.672,0.256,S4,2,baroda,r2
r2s4t2-07.wav,0.160,0.832,0.032,S4,2,baroda,r2
r2s4t2-08.wav,0.160,0.640,0.160,S4,2,baroda,r2
r2s4t2-09.wav,0.032,0.937,0.032,S4,2,baroda,r2
r2s4t2-10.wav,0.000,1.120,0.000,S4,2,baroda,r2
r2s4t2-11.wav,0.896,1.152,0.032,S4,2,baroda,r2
r2s4t2-12.wav,0.320,0.768,0.320,S4,2,baroda,r2
r2s4t2-13.wav,1.120,1.280,0.128,S4,2,baroda,r2
r2s4t2-14.wav,0.032,1.055,0.032,S4,2,baroda,r2
r2s4t2-15.wav,0.000,0.879,0.000,S4,2,baroda,r2
r2s5t1-01.wav,0.448,1.504,0.448,S5,2,baroda,r2
r2s5t1-02.wav,0.512,1.178,0.512,S5,2,baroda,r2
r2s5t1-03.wav,0.512,1.338,0.512,S5,2,baroda,r2
r2s5t1-04.wav,0.320,1.378,0.320,S5,2,baroda,r2
r2s5t1-05.wav,0.416,1.918,0.416,S5,2,baroda,r2
r2s5t1-06.wav,0.384,1.718,0.384,S5,2,baroda,r2
r2s5t1-07.wav,0.416,1.338,0.416,S5,2,baroda,r2
r2s5t1-08.wav,0.768,1.518,0.768,S5,2,baroda,r2
r2s5t1-09.wav,0.352,1.438,0.352,S5,2,baroda,r2
r2s5t1-10.wav,0.416,1.376,0.416,S5,2,baroda,r2
r2s5t1-11.wav,0.352,1.718,0.352,S5,2,baroda,r2
r2s5t1-12.wav,0.448,1.338,0.448,S5,2,baroda,r2
r2s5t1-13.wav,0.448,1.568,0.448,S5,2,baroda,r2
r2s5t1-14.wav,0.576,1.498,0.576,S5,2,baroda,r2
r2s5t1-15.wav,0.288,1.536,0.288,S5,2,baroda,r2
r2s5t2-01.wav,0.512,1.088,0.512,S5,2,baroda,r2
r2s5t2-02.wav,0.704,1.568,0.704,S5,2,baroda,r2
r2s5t2-03.wav,0.672,1.216,0.672,S5,2,baroda,r2
r2s5t2-04.wav,0.736,1.568,0.736,S5,2,baroda,r2
r2s5t2-05.wav,0.736,1.568,0.736,S5,2,baroda,r2
r2s5t2-06.wav,0.480,0.992,0.480,S5,2,baroda,r2
r2s5t2-07.wav,0.416,1.088,0.416,S5,2,baroda,r2
r2s5t2-08.wav,0.448,1.056,0.448,S5,2,baroda,r2
r2s5t2-09.wav,0.320,1.078,0.320,S5,2,baroda,r2
r2s5t2-10.wav,0.544,1.312,0.544,S5,2,baroda,r2
r2s5t2-11.wav,0.416,1.184,0.416,S5,2,baroda,r2
r2s5t2-12.wav,0.448,1.216,0.448,S5,2,baroda,r2
r2s5t2-13.wav,0.352,1.120,0.352,S5,2,baroda,r2
r2s5t2-14.wav,0.576,1.376,0.576,S5,2,baroda,r2
r2s5t2-15.wav,0.448,1.280,0.448,S5,2,baroda,r2
r2s6t1-01.wav,0.000,0.996,0.000,S6,2,baroda,r2
r2s6t1-02.wav,0.000,1.088,0.000,S6,2,baroda,r2
r2s6t1-03.wav,0.000,0.974,0.000,S6,2,baroda,r2
r2s6t1-04.wav,0.000,0.960,0.000,S6,2,baroda,r2
r2s6t1-05.wav,0.064,0.512,0.064,S6,2,baroda,r2
r2s6t1-06.wav,0.000,1.021,0.000,S6,2,baroda,r2
r2s6t1-07.wav,0.000,0.832,0.000,S6,2,baroda,r2
r2s6t1-08.wav,0.096,0.928,0.096,S6,2,baroda,r2
r2s6t1-09.wav,0.160,1.159,0.160,S6,2,baroda,r2
r2s6t1-10.wav,0.000,1.120,0.000,S6,2,baroda,r2
r2s6t1-11.wav,1.024,1.204,0.032,S6,2,baroda,r2
r2s6t1-12.wav,0.128,1.248,0.128,S6,2,baroda,r2
r2s6t1-13.wav,0.000,1.088,0.000,S6,2,baroda,r2
r2s6t1-14.wav,0.032,0.797,0.032,S6,2,baroda,r2
r2s6t1-15.wav,0.000,0.758,0.000,S6,2,baroda,r2
r2s6t2-01.wav,0.000,0.996,0.000,S6,2,baroda,r2
r2s6t2-02.wav,0.000,1.093,0.000,S6,2,baroda,r2
r2s6t2-03.wav,0.000,0.974,0.000,S6,2,baroda,r2
r2s6t2-04.wav,1.056,1.145,0.032,S6,2,baroda,r2
r2s6t2-05.wav,0.576,0.736,0.064,S6,2,baroda,r2
r2s6t2-06.wav,0.000,1.021,0.000,S6,2,baroda,r2
r2s6t2-07.wav,0.000,0.928,0.000,S6,2,baroda,r2
r2s6t2-08.wav,0.000,0.928,0.000,S6,2,baroda,r2
r2s6t2-09.wav,0.064,1.159,0.064,S6,2,baroda,r2
r2s6t2-10.wav,0.000,1.206,0.000,S6,2,baroda,r2
r2s6t2-11.wav,0.000,1.204,0.000,S6,2,baroda,r2
r2s6t2-12.wav,0.064,1.248,0.064,S6,2,baroda,r2
r2s6t2-13.wav,0.000,1.096,0.000,S6,2,baroda,r2
r2s6t2-14.wav,0.000,0.797,0.000,S6,2,baroda,r2
r2s6t2-15.wav,0.000,0.758,0.000,S6,2,baroda,r2
r2s7t1-01.wav,0.480,0.800,0.096,S7,2,baroda,r2
r2s7t1-02.wav,0.416,1.216,0.416,S7,2,baroda,r2
r2s7t1-03.wav,0.544,1.088,0.544,S7,2,baroda,r2
r2s7t1-04.wav,1.024,1.344,0.032,S7,2,baroda,r2
r2s7t1-05.wav,0.608,0.992,0.608,S7,2,baroda,r2
r2s7t1-06.wav,0.320,0.768,0.320,S7,2,baroda,r2
r2s7t1-07.wav,0.256,0.832,0.256,S7,2,baroda,r2
r2s7t1-08.wav,0.384,0.896,0.384,S7,2,baroda,r2
r2s7t1-09.wav,0.608,0.928,0.032,S7,2,baroda,r2
r2s7t1-10.wav,0.352,1.056,0.352,S7,2,baroda,r2
r2s7t1-11.wav,0.544,1.088,0.544,S7,2,baroda,r2
r2s7t1-12.wav,0.256,0.768,0.256,S7,2,baroda,r2
r2s7t1-13.wav,0.224,0.896,0.224,S7,2,baroda,r2
r2s7t1-14.wav,0.448,1.088,0.448,S7,2,baroda,r2
r2s7t1-15.wav,0.384,1.120,0.384,S7,2,baroda,r2
r2s7t2-01.wav,0.640,0.928,0.096,S7,2,baroda,r2
r2s7t2-02.wav,0.352,1.152,0.352,S7,2,baroda,r2
r2s7t2-03.wav,0.480,1.024,0.480,S7,2,baroda,r2
r2s7t2-04.wav,0.992,1.312,0.032,S7,2,baroda,r2
r2s7t2-05.wav,0.736,1.120,0.736,S7,2,baroda,r2
r2s7t2-06.wav,0.512,0.992,0.512,S7,2,baroda,r2
r2s7t2-07.wav,0.352,0.928,0.352,S7,2,baroda,r2
r2s7t2-08.wav,0.480,0.992,0.480,S7,2,baroda,r2
r2s7t2-09.wav,0.608,1.216,0.608,S7,2,baroda,r2
r2s7t2-10.wav,0.416,1.152,0.416,S7,2,baroda,r2
r2s7t2-11.wav,0.288,0.864,0.288,S7,2,baroda,r2
r2s7t2-12.wav,0.480,0.992,0.480,S7,2,baroda,r2
r2s7t2-13.wav,0.512,1.216,0.512,S7,2,baroda,r2
r2s7t2-14.wav,0.448,1.120,0.448,S7,2,baroda,r2
r2s7t2-15.wav,0.576,1.312,0.576,S7,2,baroda,r2
r2s8t1-01.wav,0.224,0.864,0.224,S8,2,baroda,r2
r2s8t1-02.wav,0.096,0.928,0.096,S8,2,baroda,r2
r2s8t1-03.wav,0.864,0.992,0.096,S8,2,baroda,r2
r2s8t1-04.wav,0.256,1.024,0.256,S8,2,baroda,r2
r2s8t1-05.wav,0.160,0.608,0.160,S8,2,baroda,r2
r2s8t1-06.wav,0.256,0.864,0.256,S8,2,baroda,r2
r2s8t1-07.wav,0.192,0.704,0.192,S8,2,baroda,r2
r2s8t1-08.wav,0.064,0.928,0.064,S8,2,baroda,r2
r2s8t1-09.wav,0.128,0.951,0.128,S8,2,baroda,r2
r2s8t1-10.wav,0.192,0.928,0.192,S8,2,baroda,r2
r2s8t1-11.wav,0.288,0.928,0.288,S8,2,baroda,r2
r2s8t1-12.wav,0.096,0.640,0.096,S8,2,baroda,r2
r2s8t1-13.wav,0.192,0.864,0.192,S8,2,baroda,r2
r2s8t1-14.wav,0.192,0.960,0.192,S8,2,baroda,r2
r2s8t1-15.wav,1.024,1.056,0.224,S8,2,baroda,r2
r2s8t2-01.wav,0.320,1.056,0.320,S8,2,baroda,r2
r2s8t2-02.wav,0.096,1.024,0.096,S8,2,baroda,r2
r2s8t2-03.wav,0.128,0.800,0.128,S8,2,baroda,r2
r2s8t2-04.wav,0.096,1.120,0.096,S8,2,baroda,r2
r2s8t2-05.wav,0.736,0.928,0.032,S8,2,baroda,r2
r2s8t2-06.wav,0.128,0.953,0.128,S8,2,baroda,r2
r2s8t2-07.wav,0.128,0.832,0.128,S8,2,baroda,r2
r2s8t2-08.wav,0.000,1.074,0.000,S8,2,baroda,r2
r2s8t2-09.wav,0.224,1.146,0.032,S8,2,baroda,r2
r2s8t2-10.wav,0.224,0.992,0.224,S8,2,baroda,r2
r2s8t2-11.wav,0.224,0.896,0.224,S8,2,baroda,r2
r2s8t2-12.wav,0.096,0.768,0.096,S8,2,baroda,r2
r2s8t2-13.wav,0.160,0.960,0.160,S8,2,baroda,r2
r2s8t2-14.wav,0.128,0.864,0.128,S8,2,baroda,r2
r2s8t2-15.wav,0.000,0.768,0.000,S8,2,baroda,r2
r3s1t1-01.wav,0.448,1.024,0.448,S1,3,south_gujarat,r3
r3s1t1-02.wav,0.352,1.152,0.352,S1,3,south_gujarat,r3
r3s1t1-03.wav,0.320,0.800,0.320,S1,3,south_gujarat,r3
r3s1t1-04.wav,0.384,1.088,0.384,S1,3,south_gujarat,r3
r3s1t1-05.wav,0.320,0.832,0.320,S1,3,south_gujarat,r3
r3s1t1-06.wav,0.672,1.184,0.672,S1,3,south_gujarat,r3
r3s1t1-07.wav,0.608,1.152,0.608,S1,3,south_gujarat,r3
r3s1t1-08.wav,0.512,1.024,0.512,S1,3,south_gujarat,r3
r3s1t1-09.wav,0.864,1.152,0.032,S1,3,south_gujarat,r3
r3s1t1-10.wav,0.576,1.248,0.576,S1,3,south_gujarat,r3
r3s1t1-11.wav,0.320,0.960,0.320,S1,3,south_gujarat,r3
r3s1t1-12.wav,0.384,0.960,0.384,S1,3,south_gujarat,r3
r3s1t1-13.wav,0.576,0.992,0.032,S1,3,south_gujarat,r3
r3s1t1-14.wav,0.352,0.928,0.352,S1,3,south_gujarat,r3
r3s1t1-15.wav,0.288,0.836,0.288,S1,3,south_gujarat,r3
r3s1t2-01.wav,0.608,0.928,0.096,S1,3,south_gujarat,r3
r3s1t2-02.wav,0.224,1.024,0.224,S1,3,south_gujarat,r3
r3s1t2-03.wav,0.224,0.832,0.224,S1,3,south_gujarat,r3
r3s1t2-04.wav,0.192,1.088,0.192,S1,3,south_gujarat,r3
r3s1t2-05.wav,0.192,0.800,0.192,S1,3,south_gujarat,r3
r3s1t2-06.wav,0.352,0.928,0.352,S1,3,south_gujarat,r3
r3s1t2-07.wav,0.320,0.928,0.320,S1,3,south_gujarat,r3
r3s1t2-08.wav,0.320,0.928,0.320,S1,3,south_gujarat,r3
r3s1t2-09.wav,0.288,0.992,0.288,S1,3,south_gujarat,r3
r3s1t2-10.wav,0.192,1.056,0.192,S1,3,south_gujarat,r3
r3s1t2-11.wav,0.352,1.184,0.352,S1,3,south_gujarat,r3
r3s1t2-12.wav,0.896,1.024,0.032,S1,3,south_gujarat,r3
r3s1t2-13.wav,0.192,0.800,0.192,S1,3,south_gujarat,r3
r3s1t2-14.wav,0.224,1.024,0.224,S1,3,south_gujarat,r3
r3s1t2-15.wav,0.288,0.960,0.288,S1,3,south_gujarat,r3
r3s10t1-01.wav,0.320,0.896,0.320,S10,3,south_gujarat,r3
r3s10t1-02.wav,0.384,1.216,0.384,S10,3,south_gujarat,r3
r3s10t1-03.wav,0.160,0.608,0.160,S10,3,south_gujarat,r3
r3s10t1-04.wav,0.672,0.928,0.032,S10,3,south_gujarat,r3
r3s10t1-05.wav,0.288,0.640,0.288,S10,3,south_gujarat,r3
r3s10t1-06.wav,0.416,0.832,0.416,S10,3,south_gujarat,r3
r3s10t1-07.wav,0.224,0.704,0.224,S10,3,south_gujarat,r3
r3s10t1-08.wav,0.704,0.864,0.032,S10,3,south_gujarat,r3
r3s10t1-09.wav,0.544,1.120,0.544,S10,3,south_gujarat,r3
r3s10t1-10.wav,1.184,1.408,0.032,S10,3,south_gujarat,r3
r3s10t1-11.wav,0.416,1.056,0.416,S10,3,south_gujarat,r3
r3s10t1-12.wav,0.224,0.736,0.224,S10,3,south_gujarat,r3
r3s10t1-13.wav,0.288,0.928,0.288,S10,3,south_gujarat,r3
r3s10t1-14.wav,0.576,1.088,0.576,S10,3,south_gujarat,r3
r3s10t1-15.wav,0.384,1.056,0.384,S10,3,south_gujarat,r3
r3s10t2-01.wav,1.472,1.536,0.480,S10,3,south_gujarat,r3
r3s10t2-02.wav,0.608,1.344,0.608,S10,3,south_gujarat,r3
r3s10t2-03.wav,0.480,0.960,0.480,S10,3,south_gujarat,r3
r3s10t2-04.wav,0.288,1.024,0.288,S10,3,south_gujarat,r3
r3s10t2-05.wav,0.256,0.704,0.256,S10,3,south_gujarat,r3
r3s10t2-06.wav,0.416,0.896,0.416,S10,3,south_gujarat,r3
r3s10t2-07.wav,0.448,0.992,0.448,S10,3,south_gujarat,r3
r3s10t2-08.wav,0.416,0.928,0.416,S10,3,south_gujarat,r3
r3s10t2-09.wav,0.032,2.234,0.032,S10,3,south_gujarat,r3
r3s10t2-10.wav,0.064,1.088,0.064,S10,3,south_gujarat,r3
r3s10t2-11.wav,1.536,1.600,0.096,S10,3,south_gujarat,r3
r3s10t2-12.wav,0.928,1.184,0.032,S10,3,south_gujarat,r3
r3s10t2-13.wav,0.736,1.408,0.736,S10,3,south_gujarat,r3
r3s10t2-14.wav,0.448,1.856,0.448,S10,3,south_gujarat,r3
r3s10t2-15.wav,0.032,1.504,0.032,S10,3,south_gujarat,r3
r3s2t1-01.wav,0.128,0.603,0.128,S2,3,south_gujarat,r3
r3s2t1-02.wav,0.000,0.736,0.000,S2,3,south_gujarat,r3
r3s2t1-03.wav,0.032,0.576,0.032,S2,3,south_gujarat,r3
r3s2t1-04.wav,0.224,1.024,0.224,S2,3,south_gujarat,r3
r3s2t1-05.wav,0.256,0.768,0.256,S2,3,south_gujarat,r3
r3s2t1-06.wav,0.256,0.768,0.256,S2,3,south_gujarat,r3
r3s2t1-07.wav,0.096,0.672,0.096,S2,3,south_gujarat,r3
r3s2t1-08.wav,0.288,0.768,0.288,S2,3,south_gujarat,r3
r3s2t1-09.wav,0.256,1.056,0.256,S2,3,south_gujarat,r3
r3s2t1-10.wav,0.352,1.056,0.352,S2,3,south_gujarat,r3
r3s2t1-11.wav,0.256,0.832,0.256,S2,3,south_gujarat,r3
r3s2t1-12.wav,0.096,0.800,0.096,S2,3,south_gujarat,r3
r3s2t1-13.wav,0.128,0.704,0.128,S2,3,south_gujarat,r3
r3s2t1-14.wav,0.000,0.700,0.000,S2,3,south_gujarat,r3
r3s2t1-15.wav,0.000,0.642,0.000,S2,3,south_gujarat,r3
r3s2t2-01.wav,0.128,0.603,0.128,S2,3,south_gujarat,r3
r3s2t2-02.wav,0.032,0.736,0.032,S2,3,south_gujarat,r3
r3s2t2-03.wav,0.032,0.576,0.032,S2,3,south_gujarat,r3
r3s2t2-04.wav,0.256,0.992,0.256,S2,3,south_gujarat,r3
r3s2t2-05.wav,0.256,0.768,0.256,S2,3,south_gujarat,r3
r3s2t2-06.wav,0.256,0.768,0.256,S2,3,south_gujarat,r3
r3s2t2-07.wav,0.128,0.672,0.128,S2,3,south_gujarat,r3
r3s2t2-08.wav,0.288,0.768,0.288,S2,3,south_gujarat,r3
r3s2t2-09.wav,0.256,1.056,0.256,S2,3,south_gujarat,r3
r3s2t2-10.wav,0.352,1.024,0.352,S2,3,south_gujarat,r3
r3s2t2-11.wav,0.256,0.800,0.256,S2,3,south_gujarat,r3
r3s2t2-12.wav,0.096,0.800,0.096,S2,3,south_gujarat,r3
r3s2t2-13.wav,0.128,0.704,0.128,S2,3,south_gujarat,r3
r3s2t2-14.wav,0.000,0.700,0.000,S2,3,south_gujarat,r3
r3s2t2-15.wav,0.032,0.642,0.032,S2,3,south_gujarat,r3
r3s3t1-01.wav,0.320,0.960,0.320,S3,3,south_gujarat,r3
r3s3t1-02.wav,0.320,1.248,0.320,S3,3,south_gujarat,r3
r3s3t1-03.wav,0.320,1.024,0.320,S3,3,south_gujarat,r3
r3s3t1-04.wav,0.288,1.120,0.288,S3,3,south_gujarat,r3
r3s3t1-05.wav,0.256,1.024,0.256,S3,3,south_gujarat,r3
r3s3t1-06.wav,0.416,1.056,0.416,S3,3,south_gujarat,r3
r3s3t1-07.wav,0.512,1.280,0.512,S3,3,south_gujarat,r3
r3s3t1-08.wav,0.320,1.184,0.320,S3,3,south_gujarat,r3
r3s3t1-09.wav,0.320,1.120,0.192,S3,3,south_gujarat,r3
r3s3t1-10.wav,0.160,1.056,0.160,S3,3,south_gujarat,r3
r3s3t1-11.wav,0.384,1.088,0.288,S3,3,south_gujarat,r3
r3s3t1-12.wav,0.288,0.960,0.288,S3,3,south_gujarat,r3
r3s3t1-13.wav,0.352,1.088,0.352,S3,3,south_gujarat,r3
r3s3t1-14.wav,0.160,0.928,0.160,S3,3,south_gujarat,r3
r3s3t1-15.wav,0.128,0.800,0.128,S3,3,south_gujarat,r3
r3s3t2-01.wav,0.000,1.280,0.000,S3,3,south_gujarat,r3
r3s3t2-02.wav,0.000,1.537,0.000,S3,3,south_gujarat,r3
r3s3t2-03.wav,0.000,1.342,0.000,S3,3,south_gujarat,r3
r3s3t2-04.wav,0.000,1.440,0.000,S3,3,south_gujarat,r3
r3s3t2-05.wav,1.504,1.600,0.064,S3,3,south_gujarat,r3
r3s3t2-06.wav,0.288,1.504,0.128,S3,3,south_gujarat,r3
r3s3t2-07.wav,1.248,1.568,0.128,S3,3,south_gujarat,r3
r3s3t2-08.wav,0.128,1.433,0.128,S3,3,south_gujarat,r3
r3s3t2-09.wav,0.000,1.355,0.000,S3,3,south_gujarat,r3
r3s3t2-10.wav,0.064,1.216,0.064,S3,3,south_gujarat,r3
r3s3t2-11.wav,0.032,1.376,0.032,S3,3,south_gujarat,r3
r3s3t2-12.wav,0.064,1.472,0.064,S3,3,south_gujarat,r3
r3s3t2-13.wav,0.032,1.290,0.032,S3,3,south_gujarat,r3
r3s3t2-14.wav,0.000,1.199,0.000,S3,3,south_gujarat,r3
r3s3t2-15.wav,0.000,0.717,0.000,S3,3,south_gujarat,r3
r3s4t1-01.wav,0.128,0.704,0.128,S4,3,south_gujarat,r3
r3s4t1-02.wav,0.192,0.928,0.192,S4,3,south_gujarat,r3
r3s4t1-03.wav,0.224,0.768,0.224,S4,3,south_gujarat,r3
r3s4t1-04.wav,0.224,0.896,0.224,S4,3,south_gujarat,r3
r3s4t1-05.wav,0.160,0.896,0.160,S4,3,south_gujarat,r3
r3s4t1-06.wav,0.192,0.736,0.192,S4,3,south_gujarat,r3
r3s4t1-07.wav,0.192,0.967,0.192,S4,3,south_gujarat,r3
r3s4t1-08.wav,0.000,0.882,0.000,S4,3,south_gujarat,r3
r3s4t1-09.wav,0.000,0.995,0.000,S4,3,south_gujarat,r3
r3s4t1-10.wav,0.000,0.928,0.000,S4,3,south_gujarat,r3
r3s4t1-11.wav,0.320,1.024,0.320,S4,3,south_gujarat,r3
r3s4t1-12.wav,0.192,0.800,0.192,S4,3,south_gujarat,r3
r3s4t1-13.wav,0.128,0.896,0.128,S4,3,south_gujarat,r3
r3s4t1-14.wav,0.864,0.896,0.128,S4,3,south_gujarat,r3
r3s4t1-15.wav,0.192,0.723,0.096,S4,3,south_gujarat,r3
r3s4t2-01.wav,0.064,0.627,0.064,S4,3,south_gujarat,r3
r3s4t2-02.wav,0.064,0.928,0.064,S4,3,south_gujarat,r3
r3s4t2-03.wav,0.032,0.896,0.032,S4,3,south_gujarat,r3
r3s4t2-04.wav,0.512,1.244,0.512,S4,3,south_gujarat,r3
r3s4t2-05.wav,0.000,0.768,0.000,S4,3,south_gujarat,r3
r3s4t2-06.wav,0.224,1.010,0.224,S4,3,south_gujarat,r3
r3s4t2-07.wav,0.000,0.960,0.000,S4,3,south_gujarat,r3
r3s4t2-08.wav,0.000,1.001,0.000,S4,3,south_gujarat,r3
r3s4t2-09.wav,0.160,0.960,0.160,S4,3,south_gujarat,r3
r3s4t2-10.wav,0.128,1.024,0.128,S4,3,south_gujarat,r3
r3s4t2-11.wav,0.192,0.832,0.192,S4,3,south_gujarat,r3
r3s4t2-12.wav,0.224,0.889,0.224,S4,3,south_gujarat,r3
r3s4t2-13.wav,0.000,0.864,0.000,S4,3,south_gujarat,r3
r3s4t2-14.wav,0.000,0.861,0.000,S4,3,south_gujarat,r3
r3s4t2-15.wav,0.000,0.739,0.000,S4,3,south_gujarat,r3
r3s5t1-01.wav,0.000,0.782,0.000,S5,3,south_gujarat,r3
r3s5t1-02.wav,0.000,1.046,0.000,S5,3,south_gujarat,r3
r3s5t1-03.wav,0.000,0.965,0.000,S5,3,south_gujarat,r3
r3s5t1-04.wav,0.000,1.067,0.000,S5,3,south_gujarat,r3
r3s5t1-05.wav,0.000,1.077,0.000,S5,3,south_gujarat,r3
r3s5t1-06.wav,0.000,1.107,0.000,S5,3,south_gujarat,r3
r3s5t1-07.wav,0.000,1.128,0.000,S5,3,south_gujarat,r3
r3s5t1-08.wav,0.000,1.117,0.000,S5,3,south_gujarat,r3
r3s5t1-09.wav,0.000,1.117,0.000,S5,3,south_gujarat,r3
r3s5t1-10.wav,0.000,1.280,0.000,S5,3,south_gujarat,r3
r3s5t1-11.wav,0.000,1.209,0.000,S5,3,south_gujarat,r3
r3s5t1-12.wav,0.000,1.138,0.000,S5,3,south_gujarat,r3
r3s5t1-13.wav,0.000,1.097,0.000,S5,3,south_gujarat,r3
r3s5t1-14.wav,0.000,1.158,0.000,S5,3,south_gujarat,r3
r3s5t1-15.wav,0.000,0.874,0.000,S5,3,south_gujarat,r3
r3s5t2-01.wav,0.000,0.828,0.000,S5,3,south_gujarat,r3
r3s5t2-02.wav,0.000,1.035,0.000,S5,3,south_gujarat,r3
r3s5t2-03.wav,0.832,0.960,0.032,S5,3,south_gujarat,r3
r3s5t2-04.wav,0.032,0.979,0.032,S5,3,south_gujarat,r3
r3s5t2-05.wav,0.000,1.017,0.000,S5,3,south_gujarat,r3
r3s5t2-06.wav,0.000,1.111,0.000,S5,3,south_gujarat,r3
r3s5t2-07.wav,0.000,1.152,0.000,S5,3,south_gujarat,r3
r3s5t2-08.wav,0.064,0.992,0.064,S5,3,south_gujarat,r3
r3s5t2-09.wav,0.032,1.148,0.032,S5,3,south_gujarat,r3
r3s5t2-10.wav,0.000,1.092,0.000,S5,3,south_gujarat,r3
r3s5t2-11.wav,0.032,1.035,0.032,S5,3,south_gujarat,r3
r3s5t2-12.wav,0.000,1.120,0.000,S5,3,south_gujarat,r3
r3s5t2-13.wav,0.032,1.158,0.032,S5,3,south_gujarat,r3
r3s5t2-14.wav,0.000,1.088,0.000,S5,3,south_gujarat,r3
r3s5t2-15.wav,0.000,0.800,0.000,S5,3,south_gujarat,r3
r3s6t1-01.wav,0.000,0.896,0.000,S6,3,south_gujarat,r3
r3s6t1-02.wav,0.000,1.024,0.000,S6,3,south_gujarat,r3
r3s6t1-03.wav,0.032,0.768,0.032,S6,3,south_gujarat,r3
r3s6t1-04.wav,0.160,0.832,0.160,S6,3,south_gujarat,r3
r3s6t1-05.wav,0.192,0.704,0.192,S6,3,south_gujarat,r3
r3s6t1-06.wav,0.256,0.736,0.256,S6,3,south_gujarat,r3
r3s6t1-07.wav,0.288,0.800,0.288,S6,3,south_gujarat,r3
r3s6t1-08.wav,0.256,1.024,0.128,S6,3,south_gujarat,r3
r3s6t1-09.wav,0.000,0.992,0.000,S6,3,south_gujarat,r3
r3s6t1-10.wav,0.160,0.832,0.160,S6,3,south_gujarat,r3
r3s6t1-11.wav,0.256,0.832,0.256,S6,3,south_gujarat,r3
r3s6t1-12.wav,1.056,1.151,0.128,S6,3,south_gujarat,r3
r3s6t1-13.wav,0.160,0.800,0.160,S6,3,south_gujarat,r3
r3s6t1-14.wav,0.128,0.768,0.128,S6,3,south_gujarat,r3
r3s6t1-15.wav,0.960,1.024,0.320,S6,3,south_gujarat,r3
r3s6t2-01.wav,0.224,0.736,0.224,S6,3,south_gujarat,r3
r3s6t2-02.wav,0.192,0.832,0.192,S6,3,south_gujarat,r3
r3s6t2-03.wav,0.224,0.672,0.224,S6,3,south_gujarat,r3
r3s6t2-04.wav,0.192,0.768,0.192,S6,3,south_gujarat,r3
r3s6t2-05.wav,0.192,0.576,0.192,S6,3,south_gujarat,r3
r3s6t2-06.wav,0.320,0.768,0.320,S6,3,south_gujarat,r3
r3s6t2-07.wav,0.288,0.800,0.288,S6,3,south_gujarat,r3
r3s6t2-08.wav,0.576,0.864,0.032,S6,3,south_gujarat,r3
r3s6t2-09.wav,0.288,0.800,0.288,S6,3,south_gujarat,r3
r3s6t2-10.wav,0.288,0.896,0.288,S6,3,south_gujarat,r3
r3s6t2-11.wav,0.544,0.800,0.032,S6,3,south_gujarat,r3
r3s6t2-12.wav,0.192,0.704,0.192,S6,3,south_gujarat,r3
r3s6t2-13.wav,0.128,0.704,0.128,S6,3,south_gujarat,r3
r3s6t2-14.wav,0.160,0.704,0.160,S6,3,south_gujarat,r3
r3s6t2-15.wav,0.192,0.704,0.192,S6,3,south_gujarat,r3
r3s7t1-01.wav,0.650,0.894,0.081,S7,3,south_gujarat,r3
r3s7t1-02.wav,0.348,1.173,0.348,S7,3,south_gujarat,r3
r3s7t1-03.wav,0.395,0.952,0.395,S7,3,south_gujarat,r3
r3s7t1-04.wav,0.395,1.057,0.395,S7,3,south_gujarat,r3
r3s7t1-05.wav,0.824,0.952,0.104,S7,3,south_gujarat,r3
r3s7t1-06.wav,0.372,0.929,0.372,S7,3,south_gujarat,r3
r3s7t1-07.wav,0.267,1.033,0.012,S7,3,south_gujarat,r3
r3s7t1-08.wav,0.720,0.987,0.070,S7,3,south_gujarat,r3
r3s7t1-09.wav,0.627,0.859,0.116,S7,3,south_gujarat,r3
r3s7t1-10.wav,0.755,1.022,0.035,S7,3,south_gujarat,r3
r3s7t1-11.wav,0.313,0.987,0.313,S7,3,south_gujarat,r3
r3s7t1-12.wav,0.743,0.848,0.070,S7,3,south_gujarat,r3
r3s7t1-13.wav,0.534,0.975,0.081,S7,3,south_gujarat,r3
r3s7t1-14.wav,0.325,0.987,0.325,S7,3,south_gujarat,r3
r3s7t1-15.wav,0.255,0.952,0.255,S7,3,south_gujarat,r3
r3s7t2-01.wav,0.192,0.832,0.192,S7,3,south_gujarat,r3
r3s7t2-02.wav,0.352,1.216,0.352,S7,3,south_gujarat,r3
r3s7t2-03.wav,0.192,0.832,0.192,S7,3,south_gujarat,r3
r3s7t2-04.wav,0.288,0.992,0.288,S7,3,south_gujarat,r3
r3s7t2-05.wav,0.736,0.832,0.096,S7,3,south_gujarat,r3
r3s7t2-06.wav,0.256,0.896,0.256,S7,3,south_gujarat,r3
r3s7t2-07.wav,0.384,1.248,0.384,S7,3,south_gujarat,r3
r3s7t2-08.wav,0.448,1.088,0.448,S7,3,south_gujarat,r3
r3s7t2-09.wav,0.704,1.024,0.032,S7,3,south_gujarat,r3
r3s7t2-10.wav,0.384,1.152,0.384,S7,3,south_gujarat,r3
r3s7t2-11.wav,0.384,1.120,0.384,S7,3,south_gujarat,r3
r3s7t2-12.wav,0.384,1.088,0.384,S7,3,south_gujarat,r3
r3s7t2-13.wav,0.608,1.088,0.032,S7,3,south_gujarat,r3
r3s7t2-14.wav,0.416,1.152,0.416,S7,3,south_gujarat,r3
r3s7t2-15.wav,0.320,1.088,0.320,S7,3,south_gujarat,r3
r3s8t1-01.wav,0.383,0.731,0.174,S8,3,south_gujarat,r3
r3s8t1-02.wav,0.627,0.998,0.023,S8,3,south_gujarat,r3
r3s8t1-03.wav,0.337,1.022,0.337,S8,3,south_gujarat,r3
r3s8t1-04.wav,0.743,1.080,0.058,S8,3,south_gujarat,r3
r3s8t1-05.wav,0.267,0.882,0.267,S8,3,south_gujarat,r3
r3s8t1-06.wav,0.406,0.975,0.406,S8,3,south_gujarat,r3
r3s8t1-07.wav,0.325,0.940,0.325,S8,3,south_gujarat,r3
r3s8t1-08.wav,0.685,1.080,0.070,S8,3,south_gujarat,r3
r3s8t1-09.wav,0.650,0.987,0.116,S8,3,south_gujarat,r3
r3s8t1-10.wav,0.650,0.975,0.070,S8,3,south_gujarat,r3
r3s8t1-11.wav,0.604,0.964,0.035,S8,3,south_gujarat,r3
r3s8t1-12.wav,0.279,0.848,0.279,S8,3,south_gujarat,r3
r3s8t1-13.wav,0.418,0.929,0.035,S8,3,south_gujarat,r3
r3s8t1-14.wav,0.255,0.824,0.255,S8,3,south_gujarat,r3
r3s8t1-15.wav,0.197,0.731,0.197,S8,3,south_gujarat,r3
r3s8t2-01.wav,0.372,0.743,0.139,S8,3,south_gujarat,r3
r3s8t2-02.wav,0.627,0.998,0.023,S8,3,south_gujarat,r3
r3s8t2-03.wav,0.337,1.033,0.337,S8,3,south_gujarat,r3
r3s8t2-04.wav,0.743,1.080,0.058,S8,3,south_gujarat,r3
r3s8t2-05.wav,0.267,0.894,0.267,S8,3,south_gujarat,r3
r3s8t2-06.wav,0.406,0.975,0.406,S8,3,south_gujarat,r3
r3s8t2-07.wav,0.325,0.952,0.325,S8,3,south_gujarat,r3
r3s8t2-08.wav,0.685,1.103,0.058,S8,3,south_gujarat,r3
r3s8t2-09.wav,0.650,1.033,0.104,S8,3,south_gujarat,r3
r3s8t2-10.wav,0.650,0.987,0.058,S8,3,south_gujarat,r3
r3s8t2-11.wav,0.604,0.975,0.023,S8,3,south_gujarat,r3
r3s8t2-12.wav,0.279,0.848,0.279,S8,3,south_gujarat,r3
r3s8t2-13.wav,0.232,0.929,0.232,S8,3,south_gujarat,r3
r3s8t2-14.wav,0.255,0.836,0.255,S8,3,south_gujarat,r3
r3s8t2-15.wav,0.197,0.731,0.197,S8,3,south_gujarat,r3
r3s9t1-01.wav,0.662,0.987,0.046,S9,3,south_gujarat,r3
r3s9t1-02.wav,0.221,0.882,0.221,S9,3,south_gujarat,r3
r3s9t1-03.wav,0.406,0.952,0.406,S9,3,south_gujarat,r3
r3s9t1-04.wav,0.813,1.196,0.046,S9,3,south_gujarat,r3
r3s9t1-05.wav,0.313,0.975,0.313,S9,3,south_gujarat,r3
r3s9t1-06.wav,0.325,0.987,0.325,S9,3,south_gujarat,r3
r3s9t1-07.wav,0.453,1.231,0.453,S9,3,south_gujarat,r3
r3s9t1-08.wav,0.209,0.824,0.209,S9,3,south_gujarat,r3
r3s9t1-09.wav,0.720,1.057,0.093,S9,3,south_gujarat,r3
r3s9t1-10.wav,0.232,0.778,0.012,S9,3,south_gujarat,r3
r3s9t1-11.wav,0.604,1.068,0.035,S9,3,south_gujarat,r3
r3s9t1-12.wav,0.731,1.289,0.731,S9,3,south_gujarat,r3
r3s9t1-13.wav,0.789,1.277,0.058,S9,3,south_gujarat,r3
r3s9t1-14.wav,1.649,1.678,0.662,S9,3,south_gujarat,r3
r3s9t1-15.wav,0.151,0.755,0.151,S9,3,south_gujarat,r3
r3s9t2-01.wav,0.662,0.987,0.046,S9,3,south_gujarat,r3
r3s9t2-02.wav,0.221,0.882,0.221,S9,3,south_gujarat,r3
r3s9t2-03.wav,0.406,0.952,0.406,S9,3,south_gujarat,r3
r3s9t2-04.wav,0.813,1.196,0.046,S9,3,south_gujarat,r3
r3s9t2-05.wav,0.313,0.975,0.313,S9,3,south_gujarat,r3
r3s9t2-06.wav,0.325,0.987,0.325,S9,3,south_gujarat,r3
r3s9t2-07.wav,0.453,1.231,0.453,S9,3,south_gujarat,r3
r3s9t2-08.wav,0.209,0.824,0.209,S9,3,south_gujarat,r3
r3s9t2-09.wav,0.720,1.057,0.093,S9,3,south_gujarat,r3
r3s9t2-10.wav,0.232,0.778,0.012,S9,3,south_gujarat,r3
r3s9t2-11.wav,0.604,1.068,0.035,S9,3,south_gujarat,r3
r3s9t2-12.wav,0.731,1.289,0.731,S9,3,south_gujarat,r3
r3s9t2-13.wav,0.789,1.277,0.058,S9,3,south_gujarat,r3
r3s9t2-14.wav,1.649,1.678,0.662,S9,3,south_gujarat,r3
r3s9t2-15.wav,0.151,0.755,0.151,S9,3,south_gujarat,r3
r4s1t1-01.wav,0.576,1.120,0.096,S1,4,kutch,r4
r4s1t1-02.wav,0.448,1.536,0.448,S1,4,kutch,r4
r4s1t1-03.wav,1.248,1.495,0.224,S1,4,kutch,r4
r4s1t1-04.wav,0.480,1.376,0.128,S1,4,kutch,r4
r4s1t1-05.wav,0.320,1.120,0.320,S1,4,kutch,r4
r4s1t1-06.wav,0.416,1.120,0.416,S1,4,kutch,r4
r4s1t1-07.wav,0.320,1.120,0.320,S1,4,kutch,r4
r4s1t1-08.wav,1.184,1.312,0.032,S1,4,kutch,r4
r4s1t1-09.wav,1.440,1.542,0.256,S1,4,kutch,r4
r4s1t1-10.wav,0.480,1.376,0.128,S1,4,kutch,r4
r4s1t1-11.wav,0.256,1.120,0.256,S1,4,kutch,r4
r4s1t1-12.wav,0.160,1.120,0.160,S1,4,kutch,r4
r4s1t1-13.wav,0.384,1.248,0.384,S1,4,kutch,r4
r4s1t1-14.wav,0.384,1.408,0.384,S1,4,kutch,r4
r4s1t1-15.wav,0.000,1.568,0.000,S1,4,kutch,r4
r4s1t2-01.wav,0.576,1.120,0.096,S1,4,kutch,r4
r4s1t2-02.wav,0.448,1.536,0.448,S1,4,kutch,r4
r4s1t2-03.wav,1.248,1.495,0.224,S1,4,kutch,r4
r4s1t2-04.wav,0.480,1.376,0.128,S1,4,kutch,r4
r4s1t2-05.wav,0.320,1.120,0.320,S1,4,kutch,r4
r4s1t2-06.wav,0.416,1.120,0.416,S1,4,kutch,r4
r4s1t2-07.wav,0.320,1.120,0.320,S1,4,kutch,r4
r4s1t2-08.wav,1.184,1.312,0.032,S1,4,kutch,r4
r4s1t2-09.wav,1.440,1.542,0.256,S1,4,kutch,r4
r4s1t2-10.wav,0.480,1.376,0.128,S1,4,kutch,r4
r4s1t2-11.wav,0.256,1.120,0.256,S1,4,kutch,r4
r4s1t2-12.wav,0.160,1.120,0.160,S1,4,kutch,r4
r4s1t2-13.wav,0.384,1.248,0.384,S1,4,kutch,r4
r4s1t2-14.wav,0.384,1.408,0.384,S1,4,kutch,r4
r4s1t2-15.wav,0.000,1.568,0.000,S1,4,kutch,r4
r4s2t1-01.wav,0.064,0.640,0.064,S2,4,kutch,r4
r4s2t1-02.wav,0.128,0.928,0.032,S2,4,kutch,r4
r4s2t1-03.wav,0.000,0.671,0.000,S2,4,kutch,r4
r4s2t1-04.wav,0.032,0.792,0.032,S2,4,kutch,r4
r4s2t1-05.wav,0.064,0.480,0.064,S2,4,kutch,r4
r4s2t1-06.wav,0.128,0.576,0.128,S2,4,kutch,r4
r4s2t1-07.wav,0.096,0.697,0.096,S2,4,kutch,r4
r4s2t1-08.wav,0.000,0.680,0.000,S2,4,kutch,r4
r4s2t1-09.wav,0.032,0.736,0.032,S2,4,kutch,r4
r4s2t1-10.wav,0.064,0.832,0.064,S2,4,kutch,r4
r4s2t1-11.wav,0.160,0.887,0.160,S2,4,kutch,r4
r4s2t1-12.wav,0.000,0.640,0.000,S2,4,kutch,r4
r4s2t1-13.wav,0.096,0.800,0.096,S2,4,kutch,r4
r4s2t1-14.wav,0.000,0.640,0.000,S2,4,kutch,r4
r4s2t1-15.wav,0.192,0.955,0.192,S2,4,kutch,r4
r4s2t2-01.wav,0.064,0.672,0.064,S2,4,kutch,r4
r4s2t2-02.wav,0.000,0.928,0.000,S2,4,kutch,r4
r4s2t2-03.wav,0.000,0.671,0.000,S2,4,kutch,r4
r4s2t2-04.wav,0.032,0.792,0.032,S2,4,kutch,r4
r4s2t2-05.wav,0.064,0.480,0.064,S2,4,kutch,r4
r4s2t2-06.wav,0.096,0.576,0.096,S2,4,kutch,r4
r4s2t2-07.wav,0.096,0.697,0.096,S2,4,kutch,r4
r4s2t2-08.wav,0.000,0.680,0.000,S2,4,kutch,r4
r4s2t2-09.wav,0.032,0.736,0.032,S2,4,kutch,r4
r4s2t2-10.wav,0.064,0.864,0.064,S2,4,kutch,r4
r4s2t2-11.wav,0.160,0.887,0.160,S2,4,kutch,r4
r4s2t2-12.wav,0.000,0.640,0.000,S2,4,kutch,r4
r4s2t2-13.wav,0.096,0.800,0.096,S2,4,kutch,r4
r4s2t2-14.wav,0.000,0.640,0.000,S2,4,kutch,r4
r4s2t2-15.wav,0.192,0.955,0.192,S2,4,kutch,r4
r4s3t1-01.wav,0.416,0.992,0.416,S3,4,kutch,r4
r4s3t1-02.wav,0.320,1.120,0.320,S3,4,kutch,r4
r4s3t1-03.wav,0.896,0.974,0.096,S3,4,kutch,r4
r4s3t1-04.wav,0.160,0.864,0.160,S3,4,kutch,r4
r4s3t1-05.wav,0.160,0.704,0.160,S3,4,kutch,r4
r4s3t1-06.wav,0.256,0.960,0.160,S3,4,kutch,r4
r4s3t1-07.wav,0.128,1.120,0.128,S3,4,kutch,r4
r4s3t1-08.wav,0.064,1.032,0.064,S3,4,kutch,r4
r4s3t1-09.wav,0.000,1.375,0.000,S3,4,kutch,r4
r4s3t1-10.wav,0.704,1.341,0.096,S3,4,kutch,r4
r4s3t1-11.wav,0.032,1.216,0.032,S3,4,kutch,r4
r4s3t1-12.wav,0.032,1.158,0.032,S3,4,kutch,r4
r4s3t1-13.wav,0.000,0.745,0.000,S3,4,kutch,r4
r4s3t1-14.wav,0.000,0.699,0.000,S3,4,kutch,r4
r4s3t1-15.wav,0.000,0.722,0.000,S3,4,kutch,r4
r4s3t2-01.wav,0.448,0.832,0.032,S3,4,kutch,r4
r4s3t2-02.wav,0.416,1.248,0.064,S3,4,kutch,r4
r4s3t2-03.wav,0.512,1.344,0.512,S3,4,kutch,r4
r4s3t2-04.wav,1.024,1.075,0.096,S3,4,kutch,r4
r4s3t2-05.wav,0.192,0.736,0.192,S3,4,kutch,r4
r4s3t2-06.wav,0.928,1.048,0.064,S3,4,kutch,r4
r4s3t2-07.wav,0.128,0.832,0.128,S3,4,kutch,r4
r4s3t2-08.wav,0.000,0.699,0.000,S3,4,kutch,r4
r4s3t2-09.wav,0.000,0.981,0.000,S3,4,kutch,r4
r4s3t2-10.wav,0.000,0.992,0.000,S3,4,kutch,r4
r4s3t2-11.wav,0.032,0.864,0.032,S3,4,kutch,r4
r4s3t2-12.wav,0.032,1.158,0.032,S3,4,kutch,r4
r4s3t2-13.wav,0.096,1.344,0.096,S3,4,kutch,r4
r4s3t2-14.wav,0.384,1.280,0.384,S3,4,kutch,r4
r4s3t2-15.wav,0.352,0.887,0.192,S3,4,kutch,r4
r4s3t3-01.wav,0.000,0.646,0.000,S3,4,kutch,r4
r4s3t3-02.wav,0.000,0.798,0.000,S3,4,kutch,r4
r4s3t3-03.wav,0.000,0.471,0.000,S3,4,kutch,r4
r4s3t3-04.wav,0.000,0.623,0.000,S3,4,kutch,r4
r4s3t3-05.wav,0.000,0.608,0.000,S3,4,kutch,r4
r4s3t3-06.wav,0.000,0.547,0.000,S3,4,kutch,r4
r4s3t3-07.wav,0.000,0.798,0.000,S3,4,kutch,r4
r4s3t3-08.wav,0.000,0.684,0.000,S3,4,kutch,r4
r4s3t3-09.wav,0.000,0.600,0.000,S3,4,kutch,r4
r4s3t3-10.wav,0.000,0.729,0.000,S3,4,kutch,r4
r4s3t3-11.wav,0.000,0.608,0.000,S3,4,kutch,r4
r4s3t3-12.wav,0.000,0.669,0.000,S3,4,kutch,r4
r4s3t3-13.wav,0.000,0.555,0.000,S3,4,kutch,r4
r4s3t3-14.wav,0.000,0.737,0.000,S3,4,kutch,r4
r4s3t3-15.wav,0.000,0.752,0.000,S3,4,kutch,r4
r4s4t1-01.wav,0.811,0.981,0.075,S4,4,kutch,r4
r4s4t1-02.wav,0.747,1.152,0.053,S4,4,kutch,r4
r4s4t1-03.wav,0.576,1.024,0.576,S4,4,kutch,r4
r4s4t1-04.wav,1.771,1.792,0.629,S4,4,kutch,r4
r4s4t1-05.wav,0.416,0.939,0.235,S4,4,kutch,r4
r4s4t1-06.wav,0.640,1.077,0.640,S4,4,kutch,r4
r4s4t1-07.wav,0.640,1.248,0.224,S4,4,kutch,r4
r4s4t1-08.wav,1.387,1.461,0.203,S4,4,kutch,r4
r4s4t1-09.wav,1.579,1.611,0.416,S4,4,kutch,r4
r4s4t1-10.wav,0.864,1.291,0.043,S4,4,kutch,r4
r4s4t1-11.wav,0.800,1.035,0.053,S4,4,kutch,r4
r4s4t1-12.wav,1.589,1.632,0.011,S4,4,kutch,r4
r4s4t1-13.wav,0.469,0.832,0.075,S4,4,kutch,r4
r4s4t1-14.wav,1.088,1.099,0.011,S4,4,kutch,r4
r4s4t1-15.wav,0.608,0.949,0.032,S4,4,kutch,r4
r4s4t2-01.wav,1.376,1.600,0.352,S4,4,kutch,r4
r4s4t2-02.wav,1.632,1.696,0.416,S4,4,kutch,r4
r4s4t2-03.wav,0.544,1.088,0.544,S4,4,kutch,r4
r4s4t2-04.wav,1.728,1.856,0.544,S4,4,kutch,r4
r4s4t2-05.wav,1.760,1.792,0.640,S4,4,kutch,r4
r4s4t2-06.wav,0.608,1.120,0.608,S4,4,kutch,r4
r4s4t2-07.wav,1.376,1.504,0.064,S4,4,kutch,r4
r4s4t2-08.wav,0.672,1.536,0.672,S4,4,kutch,r4
r4s4t2-09.wav,1.408,1.760,0.064,S4,4,kutch,r4
r4s4t2-10.wav,1.600,1.878,0.128,S4,4,kutch,r4
r4s4t2-11.wav,0.352,1.088,0.352,S4,4,kutch,r4
r4s4t2-12.wav,1.408,1.696,0.352,S4,4,kutch,r4
r4s4t2-13.wav,0.256,0.896,0.256,S4,4,kutch,r4
r4s4t2-14.wav,0.544,1.120,0.544,S4,4,kutch,r4
r4s4t2-15.wav,0.352,0.992,0.352,S4,4,kutch,r4
r4s5t1-01.wav,0.405,0.853,0.405,S5,4,kutch,r4
r4s5t1-02.wav,0.576,0.992,0.053,S5,4,kutch,r4
r4s5t1-03.wav,0.480,0.885,0.011,S5,4,kutch,r4
r4s5t1-04.wav,0.875,1.088,0.021,S5,4,kutch,r4
r4s5t1-05.wav,0.629,0.917,0.629,S5,4,kutch,r4
r4s5t1-06.wav,0.693,1.077,0.693,S5,4,kutch,r4
r4s5t1-07.wav,0.395,0.907,0.395,S5,4,kutch,r4
r4s5t1-08.wav,0.459,0.875,0.277,S5,4,kutch,r4
r4s5t1-09.wav,0.853,1.013,0.043,S5,4,kutch,r4
r4s5t1-10.wav,0.544,1.099,0.309,S5,4,kutch,r4
r4s5t1-11.wav,0.469,0.960,0.469,S5,4,kutch,r4
r4s5t1-12.wav,0.395,0.800,0.395,S5,4,kutch,r4
r4s5t1-13.wav,0.704,1.056,0.043,S5,4,kutch,r4
r4s5t1-14.wav,0.341,0.800,0.341,S5,4,kutch,r4
r4s5t1-15.wav,0.789,1.141,0.032,S5,4,kutch,r4
r4s5t2-01.wav,0.544,0.747,0.011,S5,4,kutch,r4
r4s5t2-02.wav,0.683,1.099,0.043,S5,4,kutch,r4
r4s5t2-03.wav,0.384,0.789,0.384,S5,4,kutch,r4
r4s5t2-04.wav,0.576,0.789,0.011,S5,4,kutch,r4
r4s5t2-05.wav,0.736,0.747,0.011,S5,4,kutch,r4
r4s5t2-06.wav,0.587,0.971,0.587,S5,4,kutch,r4
r4s5t2-07.wav,0.533,1.045,0.533,S5,4,kutch,r4
r4s5t2-08.wav,0.629,1.045,0.277,S5,4,kutch,r4
r4s5t2-09.wav,0.736,0.896,0.043,S5,4,kutch,r4
r4s5t2-10.wav,0.309,0.864,0.309,S5,4,kutch,r4
r4s5t2-11.wav,0.437,0.928,0.437,S5,4,kutch,r4
r4s5t2-12.wav,0.597,1.003,0.597,S5,4,kutch,r4
r4s5t2-13.wav,0.608,0.971,0.043,S5,4,kutch,r4
r4s5t2-14.wav,0.309,0.768,0.309,S5,4,kutch,r4
r4s5t2-15.wav,0.576,0.928,0.043,S5,4,kutch,r4
r4s6t1-01.wav,0.800,1.014,0.149,S6,4,kutch,r4
r4s6t1-02.wav,0.011,1.399,0.011,S6,4,kutch,r4
r4s6t1-03.wav,1.259,1.333,0.011,S6,4,kutch,r4
r4s6t1-04.wav,0.000,1.168,0.000,S6,4,kutch,r4
r4s6t1-05.wav,0.000,1.220,0.000,S6,4,kutch,r4
r4s6t1-06.wav,0.011,1.284,0.011,S6,4,kutch,r4
r4s6t1-07.wav,1.003,1.258,0.011,S6,4,kutch,r4
r4s6t1-08.wav,0.864,1.220,0.021,S6,4,kutch,r4
r4s6t1-09.wav,1.291,1.309,0.224,S6,4,kutch,r4
r4s6t1-10.wav,0.939,1.117,0.021,S6,4,kutch,r4
r4s6t1-11.wav,1.227,1.335,0.085,S6,4,kutch,r4
r4s6t1-12.wav,1.312,1.408,0.171,S6,4,kutch,r4
r4s6t1-13.wav,1.323,1.344,0.085,S6,4,kutch,r4
r4s6t1-14.wav,1.269,1.284,0.085,S6,4,kutch,r4
r4s6t1-15.wav,1.419,1.429,0.011,S6,4,kutch,r4
r4s6t2-01.wav,0.800,1.014,0.149,S6,4,kutch,r4
r4s6t2-02.wav,0.000,1.399,0.000,S6,4,kutch,r4
r4s6t2-03.wav,1.077,1.335,0.011,S6,4,kutch,r4
r4s6t2-04.wav,0.000,1.168,0.000,S6,4,kutch,r4
r4s6t2-05.wav,0.000,1.220,0.000,S6,4,kutch,r4
r4s6t2-06.wav,0.000,1.284,0.000,S6,4,kutch,r4
r4s6t2-07.wav,0.000,1.258,0.000,S6,4,kutch,r4
r4s6t2-08.wav,0.853,1.220,0.011,S6,4,kutch,r4
r4s6t2-09.wav,1.269,1.309,0.096,S6,4,kutch,r4
r4s6t2-10.wav,0.437,1.117,0.032,S6,4,kutch,r4
r4s6t2-11.wav,1.216,1.335,0.064,S6,4,kutch,r4
r4s6t2-12.wav,1.291,1.408,0.021,S6,4,kutch,r4
r4s6t2-13.wav,1.291,1.348,0.011,S6,4,kutch,r4
r4s6t2-14.wav,1.259,1.284,0.053,S6,4,kutch,r4
r4s6t2-15.wav,1.376,1.440,0.075,S6,4,kutch,r4
r4s7t1-01.wav,0.000,0.768,0.000,S7,4,kutch,r4
r4s7t1-02.wav,0.000,0.957,0.000,S7,4,kutch,r4
r4s7t1-03.wav,0.000,0.788,0.000,S7,4,kutch,r4
r4s7t1-04.wav,0.032,1.156,0.032,S7,4,kutch,r4
r4s7t1-05.wav,0.928,1.027,0.032,S7,4,kutch,r4
r4s7t1-06.wav,0.224,0.897,0.096,S7,4,kutch,r4
r4s7t1-07.wav,0.000,0.947,0.000,S7,4,kutch,r4
r4s7t1-08.wav,0.032,0.800,0.032,S7,4,kutch,r4
r4s7t1-09.wav,0.832,0.927,0.032,S7,4,kutch,r4
r4s7t1-10.wav,0.128,1.007,0.128,S7,4,kutch,r4
r4s7t1-11.wav,0.064,0.896,0.064,S7,4,kutch,r4
r4s7t1-12.wav,0.096,0.864,0.096,S7,4,kutch,r4
r4s7t1-13.wav,0.128,1.017,0.128,S7,4,kutch,r4
r4s7t1-14.wav,0.096,0.957,0.096,S7,4,kutch,r4
r4s7t1-15.wav,0.000,0.704,0.000,S7,4,kutch,r4
r4s7t2-01.wav,0.416,0.800,0.064,S7,4,kutch,r4
r4s7t2-02.wav,0.096,1.056,0.096,S7,4,kutch,r4
r4s7t2-03.wav,0.160,0.864,0.160,S7,4,kutch,r4
r4s7t2-04.wav,0.128,1.056,0.128,S7,4,kutch,r4
r4s7t2-05.wav,0.224,0.672,0.224,S7,4,kutch,r4
r4s7t2-06.wav,0.320,0.960,0.320,S7,4,kutch,r4
r4s7t2-07.wav,0.256,1.056,0.256,S7,4,kutch,r4
r4s7t2-08.wav,0.512,0.960,0.032,S7,4,kutch,r4
r4s7t2-09.wav,0.576,1.056,0.064,S7,4,kutch,r4
r4s7t2-10.wav,0.064,1.088,0.064,S7,4,kutch,r4
r4s7t2-11.wav,0.064,0.928,0.064,S7,4,kutch,r4
r4s7t2-12.wav,0.800,1.024,0.064,S7,4,kutch,r4
r4s7t2-13.wav,0.256,0.832,0.064,S7,4,kutch,r4
r4s7t2-14.wav,0.192,1.088,0.192,S7,4,kutch,r4
r4s7t2-15.wav,0.288,1.152,0.288,S7,4,kutch,r4
r4s8t1-01.wav,0.544,0.992,0.064,S8,4,kutch,r4
r4s8t1-02.wav,0.160,1.056,0.160,S8,4,kutch,r4
r4s8t1-03.wav,0.128,0.800,0.128,S8,4,kutch,r4
r4s8t1-04.wav,0.096,0.800,0.096,S8,4,kutch,r4
r4s8t1-05.wav,0.096,0.576,0.096,S8,4,kutch,r4
r4s8t1-06.wav,0.128,0.853,0.128,S8,4,kutch,r4
r4s8t1-07.wav,0.032,0.800,0.032,S8,4,kutch,r4
r4s8t1-08.wav,0.096,0.802,0.096,S8,4,kutch,r4
r4s8t1-09.wav,0.000,0.672,0.000,S8,4,kutch,r4
r4s8t1-10.wav,0.160,0.864,0.160,S8,4,kutch,r4
r4s8t1-11.wav,0.064,0.736,0.064,S8,4,kutch,r4
r4s8t1-12.wav,0.128,0.736,0.128,S8,4,kutch,r4
r4s8t1-13.wav,0.800,0.894,0.032,S8,4,kutch,r4
r4s8t1-14.wav,0.032,0.736,0.032,S8,4,kutch,r4
r4s8t1-15.wav,0.000,0.781,0.000,S8,4,kutch,r4
r4s8t2-01.wav,0.000,0.598,0.000,S8,4,kutch,r4
r4s8t2-02.wav,0.000,0.925,0.000,S8,4,kutch,r4
r4s8t2-03.wav,0.000,0.670,0.000,S8,4,kutch,r4
r4s8t2-04.wav,0.000,0.814,0.000,S8,4,kutch,r4
r4s8t2-05.wav,0.000,0.782,0.000,S8,4,kutch,r4
r4s8t2-06.wav,0.000,0.734,0.000,S8,4,kutch,r4
r4s8t2-07.wav,0.000,0.646,0.000,S8,4,kutch,r4
r4s8t2-08.wav,0.000,0.750,0.000,S8,4,kutch,r4
r4s8t2-09.wav,0.000,0.758,0.000,S8,4,kutch,r4
r4s8t2-10.wav,0.000,0.734,0.000,S8,4,kutch,r4
r4s8t2-11.wav,0.000,0.814,0.000,S8,4,kutch,r4
r4s8t2-12.wav,0.000,0.718,0.000,S8,4,kutch,r4
r4s8t2-13.wav,0.000,0.638,0.000,S8,4,kutch,r4
r4s8t2-14.wav,0.000,0.670,0.000,S8,4,kutch,r4
r4s8t2-15.wav,0.000,0.558,0.000,S8,4,kutch,r4
r5s1t1-01.wav,0.576,0.960,0.032,S1,5,north_gujarat,r5
r5s1t1-02.wav,0.192,1.024,0.192,S1,5,north_gujarat,r5
r5s1t1-03.wav,0.096,0.704,0.096,S1,5,north_gujarat,r5
r5s1t1-04.wav,0.224,0.960,0.224,S1,5,north_gujarat,r5
r5s1t1-05.wav,0.256,0.768,0.256,S1,5,north_gujarat,r5
r5s1t1-06.wav,0.256,0.800,0.256,S1,5,north_gujarat,r5
r5s1t1-07.wav,0.256,0.896,0.256,S1,5,north_gujarat,r5
r5s1t1-08.wav,0.352,0.960,0.352,S1,5,north_gujarat,r5
r5s1t1-09.wav,0.992,1.059,0.032,S1,5,north_gujarat,r5
r5s1t1-10.wav,0.672,1.056,0.032,S1,5,north_gujarat,r5
r5s1t1-11.wav,0.352,1.024,0.352,S1,5,north_gujarat,r5
r5s1t1-12.wav,0.288,0.864,0.192,S1,5,north_gujarat,r5
r5s1t1-13.wav,0.576,1.312,0.576,S1,5,north_gujarat,r5
r5s1t1-14.wav,0.160,0.864,0.064,S1,5,north_gujarat,r5
r5s1t1-15.wav,0.320,0.845,0.320,S1,5,north_gujarat,r5
r5s2t2-01.wav,0.544,0.928,0.032,S1,5,north_gujarat,r5
r5s2t2-02.wav,0.288,1.088,0.288,S1,5,north_gujarat,r5
r5s2t2-03.wav,0.160,0.736,0.064,S1,5,north_gujarat,r5
r5s2t2-04.wav,0.352,1.120,0.352,S1,5,north_gujarat,r5
r5s2t2-05.wav,0.448,0.960,0.448,S1,5,north_gujarat,r5
r5s2t2-06.wav,0.256,0.800,0.256,S1,5,north_gujarat,r5
r5s2t2-07.wav,0.224,0.864,0.224,S1,5,north_gujarat,r5
r5s2t2-08.wav,0.448,1.024,0.448,S1,5,north_gujarat,r5
r5s2t2-09.wav,0.928,1.056,0.064,S1,5,north_gujarat,r5
r5s2t2-10.wav,0.640,1.024,0.032,S1,5,north_gujarat,r5
r5s2t2-11.wav,0.480,1.152,0.480,S1,5,north_gujarat,r5
r5s2t2-12.wav,0.160,0.736,0.160,S1,5,north_gujarat,r5
r5s2t2-13.wav,0.288,1.024,0.288,S1,5,north_gujarat,r5
r5s2t2-14.wav,0.160,0.864,0.064,S1,5,north_gujarat,r5
r5s2t2-15.wav,0.512,1.046,0.512,S1,5,north_gujarat,r5
r5s2t3-01.wav,0.192,0.830,0.192,S1,5,north_gujarat,r5
r5s2t3-02.wav,0.096,0.960,0.096,S1,5,north_gujarat,r5
r5s2t3-03.wav,0.096,0.704,0.096,S1,5,north_gujarat,r5
r5s2t3-04.wav,0.224,0.960,0.224,S1,5,north_gujarat,r5
r5s2t3-05.wav,0.192,0.608,0.192,S1,5,north_gujarat,r5
r5s2t3-06.wav,0.224,0.768,0.224,S1,5,north_gujarat,r5
r5s2t3-07.wav,0.224,0.864,0.224,S1,5,north_gujarat,r5
r5s2t3-08.wav,0.160,0.800,0.160,S1,5,north_gujarat,r5
r5s2t3-09.wav,0.128,0.896,0.128,S1,5,north_gujarat,r5
r5s2t3-10.wav,0.160,0.896,0.160,S1,5,north_gujarat,r5
r5s2t3-11.wav,0.256,0.928,0.256,S1,5,north_gujarat,r5
r5s2t3-12.wav,0.192,0.800,0.192,S1,5,north_gujarat,r5
r5s2t3-13.wav,0.256,0.896,0.256,S1,5,north_gujarat,r5
r5s2t3-14.wav,0.256,0.864,0.256,S1,5,north_gujarat,r5
r5s2t3-15.wav,0.192,0.864,0.192,S1,5,north_gujarat,r5
r5s10t1-01.wav,0.640,1.056,0.032,S10,5,north_gujarat,r5
r5s10t1-02.wav,0.640,1.408,0.128,S10,5,north_gujarat,r5
r5s10t1-03.wav,0.192,0.832,0.192,S10,5,north_gujarat,r5
r5s10t1-04.wav,0.352,1.088,0.352,S10,5,north_gujarat,r5
r5s10t1-05.wav,0.384,0.736,0.384,S10,5,north_gujarat,r5
r5s10t1-06.wav,0.544,0.992,0.544,S10,5,north_gujarat,r5
r5s10t1-07.wav,0.544,1.088,0.544,S10,5,north_gujarat,r5
r5s10t1-08.wav,0.640,1.184,0.640,S10,5,north_gujarat,r5
r5s10t1-09.wav,0.864,1.184,0.032,S10,5,north_gujarat,r5
r5s10t1-10.wav,0.160,1.024,0.160,S10,5,north_gujarat,r5
r5s10t1-11.wav,0.544,1.024,0.544,S10,5,north_gujarat,r5
r5s10t1-12.wav,0.448,1.024,0.448,S10,5,north_gujarat,r5
r5s10t1-13.wav,0.224,0.864,0.224,S10,5,north_gujarat,r5
r5s10t1-14.wav,0.256,0.864,0.256,S10,5,north_gujarat,r5
r5s10t1-15.wav,0.160,0.832,0.160,S10,5,north_gujarat,r5
r5s10t2-01.wav,0.640,1.088,0.032,S10,5,north_gujarat,r5
r5s10t2-02.wav,0.256,1.280,0.256,S10,5,north_gujarat,r5
r5s10t2-03.wav,0.160,0.896,0.160,S10,5,north_gujarat,r5
r5s10t2-04.wav,0.224,0.992,0.224,S10,5,north_gujarat,r5
r5s10t2-05.wav,0.640,0.736,0.128,S10,5,north_gujarat,r5
r5s10t2-06.wav,0.256,1.015,0.256,S10,5,north_gujarat,r5
r5s10t2-07.wav,0.768,0.830,0.032,S10,5,north_gujarat,r5
r5s10t2-08.wav,0.064,0.544,0.064,S10,5,north_gujarat,r5
r5s10t2-09.wav,0.608,1.024,0.096,S10,5,north_gujarat,r5
r5s10t2-10.wav,0.096,0.800,0.096,S10,5,north_gujarat,r5
r5s10t2-11.wav,0.576,1.152,0.576,S10,5,north_gujarat,r5
r5s10t2-12.wav,0.288,0.768,0.288,S10,5,north_gujarat,r5
r5s10t2-13.wav,0.512,1.248,0.512,S10,5,north_gujarat,r5
r5s10t2-14.wav,1.152,1.214,0.192,S10,5,north_gujarat,r5
r5s10t2-15.wav,0.032,0.672,0.032,S10,5,north_gujarat,r5
r5s11t1-01.wav,0.320,1.150,0.224,S11,5,north_gujarat,r5
r5s11t1-02.wav,0.032,0.912,0.032,S11,5,north_gujarat,r5
r5s11t1-03.wav,0.000,0.631,0.000,S11,5,north_gujarat,r5
r5s11t1-04.wav,0.032,0.785,0.032,S11,5,north_gujarat,r5
r5s11t1-05.wav,0.000,0.992,0.000,S11,5,north_gujarat,r5
r5s11t1-06.wav,0.064,0.968,0.064,S11,5,north_gujarat,r5
r5s11t1-07.wav,0.032,0.992,0.032,S11,5,north_gujarat,r5
r5s11t1-08.wav,0.000,0.898,0.000,S11,5,north_gujarat,r5
r5s11t1-09.wav,0.000,0.954,0.000,S11,5,north_gujarat,r5
r5s11t1-10.wav,0.128,0.960,0.128,S11,5,north_gujarat,r5
r5s11t1-11.wav,0.192,0.832,0.192,S11,5,north_gujarat,r5
r5s11t1-12.wav,0.224,0.704,0.224,S11,5,north_gujarat,r5
r5s11t1-13.wav,0.128,0.800,0.128,S11,5,north_gujarat,r5
r5s11t1-14.wav,0.160,0.768,0.160,S11,5,north_gujarat,r5
r5s11t1-15.wav,0.224,0.768,0.224,S11,5,north_gujarat,r5
r5s11t2-01.wav,0.032,1.760,0.032,S11,5,north_gujarat,r5
r5s11t2-02.wav,0.032,1.206,0.032,S11,5,north_gujarat,r5
r5s11t2-03.wav,0.000,0.729,0.000,S11,5,north_gujarat,r5
r5s11t2-04.wav,0.000,0.827,0.000,S11,5,north_gujarat,r5
r5s11t2-05.wav,0.000,0.992,0.000,S11,5,north_gujarat,r5
r5s11t2-06.wav,0.000,1.122,0.000,S11,5,north_gujarat,r5
r5s11t2-07.wav,0.032,1.088,0.032,S11,5,north_gujarat,r5
r5s11t2-08.wav,0.032,0.870,0.032,S11,5,north_gujarat,r5
r5s11t2-09.wav,0.000,0.896,0.000,S11,5,north_gujarat,r5
r5s11t2-10.wav,0.416,1.248,0.416,S11,5,north_gujarat,r5
r5s11t2-11.wav,0.192,0.832,0.192,S11,5,north_gujarat,r5
r5s11t2-12.wav,0.160,0.768,0.160,S11,5,north_gujarat,r5
r5s11t2-13.wav,0.256,0.960,0.256,S11,5,north_gujarat,r5
r5s11t2-14.wav,0.160,0.832,0.160,S11,5,north_gujarat,r5
r5s11t2-15.wav,0.256,0.832,0.256,S11,5,north_gujarat,r5
r5s12t1-01.wav,0.672,1.216,0.672,S12,5,north_gujarat,r5
r5s12t1-02.wav,0.480,1.312,0.480,S12,5,north_gujarat,r5
r5s12t1-03.wav,0.512,0.992,0.512,S12,5,north_gujarat,r5
r5s12t1-04.wav,0.416,1.056,0.416,S12,5,north_gujarat,r5
r5s12t1-05.wav,0.928,1.152,0.096,S12,5,north_gujarat,r5
r5s12t1-06.wav,0.576,1.024,0.576,S12,5,north_gujarat,r5
r5s12t1-07.wav,0.416,0.896,0.416,S12,5,north_gujarat,r5
r5s12t1-08.wav,0.768,1.216,0.768,S12,5,north_gujarat,r5
r5s12t1-09.wav,0.544,1.216,0.544,S12,5,north_gujarat,r5
r5s12t1-10.wav,0.352,1.024,0.352,S12,5,north_gujarat,r5
r5s12t1-11.wav,0.384,1.056,0.384,S12,5,north_gujarat,r5
r5s12t1-12.wav,0.448,0.960,0.448,S12,5,north_gujarat,r5
r5s12t1-13.wav,0.608,1.216,0.608,S12,5,north_gujarat,r5
r5s12t1-14.wav,0.512,1.344,0.512,S12,5,north_gujarat,r5
r5s12t1-15.wav,0.640,1.216,0.640,S12,5,north_gujarat,r5
r5s12t2-01.wav,1.216,1.267,0.224,S12,5,north_gujarat,r5
r5s12t2-02.wav,0.160,1.120,0.160,S12,5,north_gujarat,r5
r5s12t2-03.wav,1.056,1.120,0.288,S12,5,north_gujarat,r5
r5s12t2-04.wav,0.416,1.216,0.416,S12,5,north_gujarat,r5
r5s12t2-05.wav,0.448,1.120,0.448,S12,5,north_gujarat,r5
r5s12t2-06.wav,0.864,0.896,0.032,S12,5,north_gujarat,r5
r5s12t2-07.wav,0.288,0.864,0.288,S12,5,north_gujarat,r5
r5s12t2-08.wav,1.312,1.408,0.224,S12,5,north_gujarat,r5
r5s12t2-09.wav,0.160,1.376,0.160,S12,5,north_gujarat,r5
r5s12t2-10.wav,0.672,1.440,0.032,S12,5,north_gujarat,r5
r5s12t2-11.wav,0.480,1.344,0.480,S12,5,north_gujarat,r5
r5s12t2-12.wav,0.288,0.832,0.288,S12,5,north_gujarat,r5
r5s12t2-13.wav,0.448,1.152,0.448,S12,5,north_gujarat,r5
r5s12t2-14.wav,0.704,1.312,0.704,S12,5,north_gujarat,r5
r5s12t2-15.wav,0.512,1.056,0.512,S12,5,north_gujarat,r5
r5s2t1-01.wav,0.000,0.937,0.000,S2,5,north_gujarat,r5
r5s2t1-02.wav,0.000,1.115,0.000,S2,5,north_gujarat,r5
r5s2t1-03.wav,0.000,0.714,0.000,S2,5,north_gujarat,r5
r5s2t1-04.wav,0.000,0.725,0.000,S2,5,north_gujarat,r5
r5s2t1-05.wav,0.000,1.394,0.000,S2,5,north_gujarat,r5
r5s2t1-06.wav,0.000,0.792,0.000,S2,5,north_gujarat,r5
r5s2t1-07.wav,0.000,1.037,0.000,S2,5,north_gujarat,r5
r5s2t1-08.wav,0.064,1.440,0.064,S2,5,north_gujarat,r5
r5s2t1-09.wav,0.000,1.595,0.000,S2,5,north_gujarat,r5
r5s2t1-10.wav,0.000,1.472,0.000,S2,5,north_gujarat,r5
r5s2t1-11.wav,0.032,1.056,0.032,S2,5,north_gujarat,r5
r5s2t1-12.wav,0.000,1.060,0.000,S2,5,north_gujarat,r5
r5s2t1-13.wav,0.000,1.104,0.000,S2,5,north_gujarat,r5
r5s2t1-14.wav,0.032,0.896,0.032,S2,5,north_gujarat,r5
r5s2t1-15.wav,0.000,0.770,0.000,S2,5,north_gujarat,r5
r5s2t2-01.wav,0.000,0.937,0.000,S2,5,north_gujarat,r5
r5s2t2-02.wav,0.000,1.115,0.000,S2,5,north_gujarat,r5
r5s2t2-03.wav,0.000,0.714,0.000,S2,5,north_gujarat,r5
r5s2t2-04.wav,0.000,0.725,0.000,S2,5,north_gujarat,r5
r5s2t2-05.wav,0.000,1.394,0.000,S2,5,north_gujarat,r5
r5s2t2-06.wav,0.000,0.792,0.000,S2,5,north_gujarat,r5
r5s2t2-07.wav,0.000,1.037,0.000,S2,5,north_gujarat,r5
r5s2t2-08.wav,0.032,1.450,0.032,S2,5,north_gujarat,r5
r5s2t2-09.wav,0.000,1.595,0.000,S2,5,north_gujarat,r5
r5s2t2-10.wav,0.000,1.472,0.000,S2,5,north_gujarat,r5
r5s2t2-11.wav,0.000,1.060,0.000,S2,5,north_gujarat,r5
r5s2t2-12.wav,0.000,1.060,0.000,S2,5,north_gujarat,r5
r5s2t2-13.wav,0.000,1.104,0.000,S2,5,north_gujarat,r5
r5s2t2-14.wav,0.000,0.926,0.000,S2,5,north_gujarat,r5
r5s2t2-15.wav,0.000,0.770,0.000,S2,5,north_gujarat,r5
r5s3t1-01.wav,0.256,0.864,0.256,S3,5,north_gujarat,r5
r5s3t1-02.wav,0.224,1.216,0.224,S3,5,north_gujarat,r5
r5s3t1-03.wav,0.128,0.866,0.128,S3,5,north_gujarat,r5
r5s3t1-04.wav,0.032,0.933,0.032,S3,5,north_gujarat,r5
r5s3t1-05.wav,0.000,0.576,0.000,S3,5,north_gujarat,r5
r5s3t1-06.wav,0.224,0.992,0.224,S3,5,north_gujarat,r5
r5s3t1-07.wav,0.224,1.024,0.224,S3,5,north_gujarat,r5
r5s3t1-08.wav,0.384,0.864,0.032,S3,5,north_gujarat,r5
r5s3t1-09.wav,0.512,0.960,0.064,S3,5,north_gujarat,r5
r5s3t1-10.wav,0.672,1.056,0.032,S3,5,north_gujarat,r5
r5s3t1-11.wav,0.128,0.928,0.032,S3,5,north_gujarat,r5
r5s3t1-12.wav,0.064,0.640,0.064,S3,5,north_gujarat,r5
r5s3t1-13.wav,0.352,0.981,0.064,S3,5,north_gujarat,r5
r5s3t1-14.wav,0.000,0.893,0.000,S3,5,north_gujarat,r5
r5s3t1-15.wav,0.000,0.512,0.000,S3,5,north_gujarat,r5
r5s3t2-01.wav,0.256,0.864,0.256,S3,5,north_gujarat,r5
r5s3t2-02.wav,0.224,1.216,0.224,S3,5,north_gujarat,r5
r5s3t2-03.wav,0.128,0.866,0.128,S3,5,north_gujarat,r5
r5s3t2-04.wav,0.032,0.933,0.032,S3,5,north_gujarat,r5
r5s3t2-05.wav,0.000,0.576,0.000,S3,5,north_gujarat,r5
r5s3t2-06.wav,0.224,0.992,0.224,S3,5,north_gujarat,r5
r5s3t2-07.wav,0.224,1.024,0.224,S3,5,north_gujarat,r5
r5s3t2-08.wav,0.384,0.864,0.032,S3,5,north_gujarat,r5
r5s3t2-09.wav,0.512,0.960,0.064,S3,5,north_gujarat,r5
r5s3t2-10.wav,0.672,1.056,0.032,S3,5,north_gujarat,r5
r5s3t2-11.wav,0.128,0.928,0.032,S3,5,north_gujarat,r5
r5s3t2-12.wav,0.064,0.640,0.064,S3,5,north_gujarat,r5
r5s3t2-13.wav,0.352,0.981,0.064,S3,5,north_gujarat,r5
r5s3t2-14.wav,0.000,0.893,0.000,S3,5,north_gujarat,r5
r5s3t2-15.wav,0.000,0.512,0.000,S3,5,north_gujarat,r5
r5s4t1-01.wav,0.288,0.672,0.032,S4,5,north_gujarat,r5
r5s4t1-02.wav,0.160,0.928,0.160,S4,5,north_gujarat,r5
r5s4t1-03.wav,0.224,0.928,0.224,S4,5,north_gujarat,r5
r5s4t1-04.wav,0.192,0.896,0.192,S4,5,north_gujarat,r5
r5s4t1-05.wav,0.256,0.768,0.256,S4,5,north_gujarat,r5
r5s4t1-06.wav,0.224,0.800,0.224,S4,5,north_gujarat,r5
r5s4t1-07.wav,0.256,0.928,0.256,S4,5,north_gujarat,r5
r5s4t1-08.wav,0.224,0.832,0.224,S4,5,north_gujarat,r5
r5s4t1-09.wav,0.256,0.992,0.256,S4,5,north_gujarat,r5
r5s4t1-10.wav,0.352,1.088,0.352,S4,5,north_gujarat,r5
r5s4t1-11.wav,0.256,0.928,0.256,S4,5,north_gujarat,r5
r5s4t1-12.wav,0.160,0.768,0.160,S4,5,north_gujarat,r5
r5s4t1-13.wav,0.160,0.864,0.160,S4,5,north_gujarat,r5
r5s4t1-14.wav,0.160,0.832,0.160,S4,5,north_gujarat,r5
r5s4t1-15.wav,0.224,0.800,0.224,S4,5,north_gujarat,r5
r5s4t2-01.wav,0.000,0.588,0.000,S4,5,north_gujarat,r5
r5s4t2-02.wav,0.000,0.960,0.000,S4,5,north_gujarat,r5
r5s4t2-03.wav,0.128,0.832,0.032,S4,5,north_gujarat,r5
r5s4t2-04.wav,0.096,0.960,0.096,S4,5,north_gujarat,r5
r5s4t2-05.wav,0.160,0.800,0.160,S4,5,north_gujarat,r5
r5s4t2-06.wav,0.128,0.736,0.128,S4,5,north_gujarat,r5
r5s4t2-07.wav,0.064,0.800,0.064,S4,5,north_gujarat,r5
r5s4t2-08.wav,0.096,0.868,0.096,S4,5,north_gujarat,r5
r5s4t2-09.wav,0.000,0.789,0.000,S4,5,north_gujarat,r5
r5s4t2-10.wav,0.032,0.800,0.032,S4,5,north_gujarat,r5
r5s4t2-11.wav,0.160,0.864,0.160,S4,5,north_gujarat,r5
r5s4t2-12.wav,0.128,0.704,0.128,S4,5,north_gujarat,r5
r5s4t2-13.wav,0.096,0.800,0.096,S4,5,north_gujarat,r5
r5s4t2-14.wav,0.128,0.832,0.128,S4,5,north_gujarat,r5
r5s4t2-15.wav,0.096,0.736,0.096,S4,5,north_gujarat,r5
r5s5t1-01.wav,0.512,1.056,0.032,S5,5,north_gujarat,r5
r5s5t1-02.wav,0.448,1.600,0.448,S5,5,north_gujarat,r5
r5s5t1-03.wav,0.288,0.981,0.288,S5,5,north_gujarat,r5
r5s5t1-04.wav,0.928,1.149,0.064,S5,5,north_gujarat,r5
r5s5t1-05.wav,0.000,0.832,0.000,S5,5,north_gujarat,r5
r5s5t1-06.wav,0.512,1.079,0.512,S5,5,north_gujarat,r5
r5s5t1-07.wav,0.896,0.967,0.192,S5,5,north_gujarat,r5
r5s5t1-08.wav,0.160,0.800,0.160,S5,5,north_gujarat,r5
r5s5t1-09.wav,0.768,1.152,0.032,S5,5,north_gujarat,r5
r5s5t1-10.wav,0.384,1.088,0.032,S5,5,north_gujarat,r5
r5s5t1-11.wav,0.480,0.911,0.032,S5,5,north_gujarat,r5
r5s5t1-12.wav,0.000,0.672,0.000,S5,5,north_gujarat,r5
r5s5t1-13.wav,0.704,1.280,0.096,S5,5,north_gujarat,r5
r5s5t1-14.wav,0.160,0.832,0.160,S5,5,north_gujarat,r5
r5s5t1-15.wav,0.512,0.896,0.032,S5,5,north_gujarat,r5
r5s5t2-01.wav,0.448,1.024,0.448,S5,5,north_gujarat,r5
r5s5t2-02.wav,0.288,1.120,0.288,S5,5,north_gujarat,r5
r5s5t2-03.wav,0.480,1.216,0.480,S5,5,north_gujarat,r5
r5s5t2-04.wav,0.448,1.280,0.448,S5,5,north_gujarat,r5
r5s5t2-05.wav,0.256,0.768,0.256,S5,5,north_gujarat,r5
r5s5t2-06.wav,0.320,1.056,0.320,S5,5,north_gujarat,r5
r5s5t2-07.wav,0.192,0.992,0.192,S5,5,north_gujarat,r5
r5s5t2-08.wav,0.576,0.992,0.096,S5,5,north_gujarat,r5
r5s5t2-09.wav,0.864,1.275,0.032,S5,5,north_gujarat,r5
r5s5t2-10.wav,0.384,1.152,0.032,S5,5,north_gujarat,r5
r5s5t2-11.wav,0.096,0.864,0.096,S5,5,north_gujarat,r5
r5s5t2-12.wav,0.960,1.088,0.096,S5,5,north_gujarat,r5
r5s5t2-13.wav,0.480,1.120,0.064,S5,5,north_gujarat,r5
r5s5t2-14.wav,0.960,1.053,0.096,S5,5,north_gujarat,r5
r5s5t2-15.wav,0.064,0.928,0.064,S5,5,north_gujarat,r5
r5s6t1-01.wav,0.224,1.088,0.224,S6,5,north_gujarat,r5
r5s6t1-02.wav,0.192,1.329,0.192,S6,5,north_gujarat,r5
r5s6t1-03.wav,1.408,1.521,0.384,S6,5,north_gujarat,r5
r5s6t1-04.wav,0.480,1.632,0.384,S6,5,north_gujarat,r5
r5s6t1-05.wav,0.032,0.864,0.032,S6,5,north_gujarat,r5
r5s6t1-06.wav,0.192,1.056,0.192,S6,5,north_gujarat,r5
r5s6t1-07.wav,0.416,1.280,0.416,S6,5,north_gujarat,r5
r5s6t1-08.wav,0.160,1.056,0.160,S6,5,north_gujarat,r5
r5s6t1-09.wav,0.320,1.344,0.320,S6,5,north_gujarat,r5
r5s6t1-10.wav,0.160,1.184,0.160,S6,5,north_gujarat,r5
r5s6t1-11.wav,0.256,1.248,0.256,S6,5,north_gujarat,r5
r5s6t1-12.wav,1.312,1.374,0.320,S6,5,north_gujarat,r5
r5s6t1-13.wav,0.256,1.120,0.256,S6,5,north_gujarat,r5
r5s6t1-14.wav,0.224,1.216,0.224,S6,5,north_gujarat,r5
r5s6t1-15.wav,0.128,0.864,0.128,S6,5,north_gujarat,r5
r5s6t2-01.wav,0.224,1.088,0.224,S6,5,north_gujarat,r5
r5s6t2-02.wav,0.192,1.329,0.192,S6,5,north_gujarat,r5
r5s6t2-03.wav,1.408,1.521,0.384,S6,5,north_gujarat,r5
r5s6t2-04.wav,0.480,1.632,0.384,S6,5,north_gujarat,r5
r5s6t2-05.wav,0.032,0.864,0.032,S6,5,north_gujarat,r5
r5s6t2-06.wav,0.192,1.056,0.192,S6,5,north_gujarat,r5
r5s6t2-07.wav,0.416,1.280,0.416,S6,5,north_gujarat,r5
r5s6t2-08.wav,0.160,1.056,0.160,S6,5,north_gujarat,r5
r5s6t2-09.wav,0.320,1.344,0.320,S6,5,north_gujarat,r5
r5s6t2-10.wav,0.160,1.184,0.160,S6,5,north_gujarat,r5
r5s6t2-11.wav,0.256,1.248,0.256,S6,5,north_gujarat,r5
r5s6t2-12.wav,1.312,1.374,0.320,S6,5,north_gujarat,r5
r5s6t2-13.wav,0.256,1.120,0.256,S6,5,north_gujarat,r5
r5s6t2-14.wav,0.224,1.216,0.224,S6,5,north_gujarat,r5
r5s6t2-15.wav,0.128,0.864,0.128,S6,5,north_gujarat,r5
r5s7t1-01.wav,0.480,1.056,0.480,S7,5,north_gujarat,r5
r5s7t1-02.wav,0.832,1.664,0.832,S7,5,north_gujarat,r5
r5s7t1-03.wav,0.256,0.896,0.256,S7,5,north_gujarat,r5
r5s7t1-04.wav,0.800,1.664,0.800,S7,5,north_gujarat,r5
r5s7t1-05.wav,0.224,0.736,0.224,S7,5,north_gujarat,r5
r5s7t1-06.wav,0.576,1.120,0.576,S7,5,north_gujarat,r5
r5s7t1-07.wav,0.768,1.408,0.768,S7,5,north_gujarat,r5
r5s7t1-08.wav,0.448,1.024,0.448,S7,5,north_gujarat,r5
r5s7t1-09.wav,0.160,0.832,0.160,S7,5,north_gujarat,r5
r5s7t1-10.wav,0.416,1.152,0.416,S7,5,north_gujarat,r5
r5s7t1-11.wav,1.568,2.208,1.568,S7,5,north_gujarat,r5
r5s7t1-12.wav,1.504,2.080,1.504,S7,5,north_gujarat,r5
r5s7t1-13.wav,0.640,1.312,0.640,S7,5,north_gujarat,r5
r5s7t1-14.wav,0.384,0.960,0.384,S7,5,north_gujarat,r5
r5s7t1-15.wav,0.992,1.920,0.992,S7,5,north_gujarat,r5
r5s7t2-01.wav,0.480,1.088,0.480,S7,5,north_gujarat,r5
r5s7t2-02.wav,0.832,1.696,0.832,S7,5,north_gujarat,r5
r5s7t2-03.wav,0.256,0.896,0.256,S7,5,north_gujarat,r5
r5s7t2-04.wav,0.768,1.728,0.768,S7,5,north_gujarat,r5
r5s7t2-05.wav,0.224,0.768,0.224,S7,5,north_gujarat,r5
r5s7t2-06.wav,0.576,1.152,0.576,S7,5,north_gujarat,r5
r5s7t2-07.wav,0.768,1.440,0.768,S7,5,north_gujarat,r5
r5s7t2-08.wav,0.448,1.056,0.448,S7,5,north_gujarat,r5
r5s7t2-09.wav,0.160,0.864,0.160,S7,5,north_gujarat,r5
r5s7t2-10.wav,0.416,1.152,0.416,S7,5,north_gujarat,r5
r5s7t2-11.wav,1.568,2.240,1.568,S7,5,north_gujarat,r5
r5s7t2-12.wav,1.504,2.080,1.504,S7,5,north_gujarat,r5
r5s7t2-13.wav,0.640,1.344,0.640,S7,5,north_gujarat,r5
r5s7t2-14.wav,0.384,0.992,0.384,S7,5,north_gujarat,r5
r5s7t2-15.wav,0.960,1.952,0.960,S7,5,north_gujarat,r5
r5s8t1-01.wav,0.640,1.152,0.640,S8,5,north_gujarat,r5
r5s8t1-02.wav,0.416,1.088,0.416,S8,5,north_gujarat,r5
r5s8t1-03.wav,0.448,1.024,0.448,S8,5,north_gujarat,r5
r5s8t1-04.wav,0.256,1.024,0.256,S8,5,north_gujarat,r5
r5s8t1-05.wav,0.480,1.184,0.480,S8,5,north_gujarat,r5
r5s8t1-06.wav,0.448,1.024,0.448,S8,5,north_gujarat,r5
r5s8t1-07.wav,0.352,1.024,0.352,S8,5,north_gujarat,r5
r5s8t1-08.wav,0.480,1.184,0.128,S8,5,north_gujarat,r5
r5s8t1-09.wav,0.320,0.992,0.320,S8,5,north_gujarat,r5
r5s8t1-10.wav,0.320,1.056,0.320,S8,5,north_gujarat,r5
r5s8t1-11.wav,0.768,1.440,0.768,S8,5,north_gujarat,r5
r5s8t1-12.wav,0.384,0.992,0.384,S8,5,north_gujarat,r5
r5s8t1-13.wav,0.320,1.024,0.320,S8,5,north_gujarat,r5
r5s8t1-14.wav,1.440,1.568,0.096,S8,5,north_gujarat,r5
r5s8t1-15.wav,0.384,1.088,0.384,S8,5,north_gujarat,r5
r5s8t2-01.wav,0.640,1.152,0.640,S8,5,north_gujarat,r5
r5s8t2-02.wav,0.384,1.088,0.384,S8,5,north_gujarat,r5
r5s8t2-03.wav,0.448,1.024,0.448,S8,5,north_gujarat,r5
r5s8t2-04.wav,0.256,1.024,0.256,S8,5,north_gujarat,r5
r5s8t2-05.wav,0.480,1.184,0.480,S8,5,north_gujarat,r5
r5s8t2-06.wav,0.448,1.024,0.448,S8,5,north_gujarat,r5
r5s8t2-07.wav,0.352,1.024,0.352,S8,5,north_gujarat,r5
r5s8t2-08.wav,0.480,1.184,0.128,S8,5,north_gujarat,r5
r5s8t2-09.wav,0.320,0.992,0.320,S8,5,north_gujarat,r5
r5s8t2-10.wav,0.320,1.056,0.320,S8,5,north_gujarat,r5
r5s8t2-11.wav,0.768,1.472,0.768,S8,5,north_gujarat,r5
r5s8t2-12.wav,0.384,0.992,0.384,S8,5,north_gujarat,r5
r5s8t2-13.wav,0.320,1.024,0.320,S8,5,north_gujarat,r5
r5s8t2-14.wav,1.440,1.568,0.096,S8,5,north_gujarat,r5
r5s8t2-15.wav,0.384,1.088,0.384,S8,5,north_gujarat,r5
r5s9t1-01.wav,0.320,1.017,0.320,S9,5,north_gujarat,r5
r5s9t1-02.wav,0.128,0.864,0.128,S9,5,north_gujarat,r5
r5s9t1-03.wav,0.096,0.956,0.096,S9,5,north_gujarat,r5
r5s9t1-04.wav,0.000,0.956,0.000,S9,5,north_gujarat,r5
r5s9t1-05.wav,0.000,0.672,0.000,S9,5,north_gujarat,r5
r5s9t1-06.wav,0.256,0.800,0.256,S9,5,north_gujarat,r5
r5s9t1-07.wav,0.128,0.704,0.128,S9,5,north_gujarat,r5
r5s9t1-08.wav,0.480,0.736,0.064,S9,5,north_gujarat,r5
r5s9t1-09.wav,0.896,0.928,0.064,S9,5,north_gujarat,r5
r5s9t1-10.wav,0.384,0.928,0.032,S9,5,north_gujarat,r5
r5s9t1-11.wav,0.128,0.832,0.128,S9,5,north_gujarat,r5
r5s9t1-12.wav,0.864,0.960,0.192,S9,5,north_gujarat,r5
r5s9t1-13.wav,0.352,0.768,0.032,S9,5,north_gujarat,r5
r5s9t1-14.wav,0.128,0.908,0.128,S9,5,north_gujarat,r5
r5s9t1-15.wav,0.032,1.120,0.032,S9,5,north_gujarat,r5
r5s9t2-01.wav,0.416,0.672,0.064,S9,5,north_gujarat,r5
r5s9t2-02.wav,0.160,0.992,0.160,S9,5,north_gujarat,r5
r5s9t2-03.wav,0.160,0.672,0.160,S9,5,north_gujarat,r5
r5s9t2-04.wav,0.160,0.800,0.160,S9,5,north_gujarat,r5
r5s9t2-05.wav,0.192,0.832,0.192,S9,5,north_gujarat,r5
r5s9t2-06.wav,0.160,0.672,0.160,S9,5,north_gujarat,r5
r5s9t2-07.wav,0.224,0.832,0.224,S9,5,north_gujarat,r5
r5s9t2-08.wav,0.352,0.928,0.352,S9,5,north_gujarat,r5
r5s9t2-09.wav,0.128,0.512,0.128,S9,5,north_gujarat,r5
r5s9t2-10.wav,0.416,0.928,0.032,S9,5,north_gujarat,r5
r5s9t2-11.wav,0.704,1.088,0.160,S9,5,north_gujarat,r5
r5s9t2-12.wav,1.120,1.162,0.096,S9,5,north_gujarat,r5
r5s9t2-13.wav,0.128,0.864,0.128,S9,5,north_gujarat,r5
r5s9t2-14.wav,0.096,0.948,0.096,S9,5,north_gujarat,r5
r5s9t2-15.wav,0.064,0.800,0.064,S9,5,north_gujarat,r5
